condition,generation,cumulative_evals,mean_best_so_far,std_best_so_far,mean_pop_mean_fitness,mean_pop_best_fitness,mean_pop_worst_fitness
dynamic_constant,0,100,18.245128030234888,0.3673610205265498,20.791401776311886,18.245128030234888,23.321888261971548
dynamic_constant,1,200,15.800262036315706,0.4404290119851837,20.35135202916181,15.800262036315706,31.47409420543486
dynamic_constant,2,300,15.393003026442278,0.3138515410620199,18.807254957801412,15.406322040647158,28.721541265717303
dynamic_constant,3,400,15.104939373324399,0.31237421436829355,17.462889091401205,15.190500108746471,25.114807136381028
dynamic_constant,4,500,14.825109069893823,0.31954396876556906,16.73599969251133,14.86911359137373,20.95229900913694
dynamic_constant,5,600,14.700448453597037,0.3054270962903768,16.41223973692352,14.778068201874607,20.160245820935135
dynamic_constant,6,700,14.518291466747248,0.2579573364522965,16.16055025856378,14.556893841207117,19.658082512786724
dynamic_constant,7,800,14.289312252094735,0.35001254326962516,15.93769763920572,14.313036233845896,18.867271666267964
dynamic_constant,8,900,14.132778986730107,0.333910053212241,15.8021628890844,14.190745612727648,18.93215076194452
dynamic_constant,9,1000,14.013049024461461,0.3115504007420735,15.734312067500161,14.062379220971417,19.483206894836098
dynamic_constant,10,1100,13.920278827584951,0.3530580365941969,15.579213604103117,14.03476100142442,18.77448344351207
dynamic_constant,11,1200,13.90135104837167,0.344563786393102,15.467367317541402,14.032182703480284,18.730059427716007
dynamic_constant,12,1300,13.874314367628605,0.35782020085747007,15.43076320234006,13.971698493029677,18.352118613594772
dynamic_constant,13,1400,13.759092479141907,0.38820690532172974,15.416536390529085,13.830613342608396,18.71957186715053
dynamic_constant,14,1500,13.599213002417585,0.3983135191276663,15.392075205274836,13.69972836024191,19.06075269136424
dynamic_constant,15,1600,13.534329356129112,0.40142068649496954,15.389547060397476,13.714164051909922,19.052699566115457
dynamic_constant,16,1700,13.46226935465854,0.38352839036018127,15.314299467706473,13.632635512888976,18.923447605417305
dynamic_constant,17,1800,13.42589832329072,0.3711145597335782,15.253349064277398,13.596330846756615,18.493873329698744
dynamic_constant,18,1900,13.371638620951009,0.3482741447412877,15.178176238941262,13.582126271161005,18.843515638898815
dynamic_constant,19,2000,13.3248112072028,0.3509081127817094,15.13718988106391,13.533114830449586,18.636802580322616
dynamic_constant,20,2100,13.291618826334812,0.3112064942026124,15.130974005800061,13.493963541809489,19.271031570653133
dynamic_constant,21,2200,13.259324993543654,0.3028460751104233,15.10976839655899,13.47117797129626,18.74882679749124
dynamic_constant,22,2300,13.219158273124659,0.29264618934196746,15.08726246576498,13.425797963358287,18.631124019582963
dynamic_constant,23,2400,13.194045128188431,0.27175008106877097,15.038884773094878,13.394902141611325,18.99386602023113
dynamic_constant,24,2500,13.150249624822811,0.28823913867714246,14.996809611199755,13.324076900634822,18.766374191419064
dynamic_constant,25,2600,13.118221011692807,0.2933243148875912,14.93949554160466,13.303001983835255,19.09138770115187
dynamic_constant,26,2700,13.107325188930073,0.30055867620137316,14.915889453338849,13.340908987507513,18.522874512610006
dynamic_constant,27,2800,13.099099199457521,0.30178288908773954,14.940136138859481,13.336717301935883,18.71231599555353
dynamic_constant,28,2900,13.094138853468408,0.2893326074966113,14.909862705911257,13.380679186084658,18.718461757472852
dynamic_constant,29,3000,13.08304178716725,0.2945898328620324,14.873896367185683,13.330190186269217,18.5111882417249
dynamic_constant,30,3100,13.047385791493568,0.275394804169883,14.881627082784487,13.24326416307691,18.341885645145602
dynamic_constant,31,3200,13.026787037179385,0.28856223323331504,14.880393454725663,13.218709800958553,18.558146355051754
dynamic_constant,32,3300,12.987799300633487,0.2700475075125191,14.860908464529263,13.213633950031769,18.61752250687114
dynamic_constant,33,3400,12.97250613509245,0.27752332019228687,14.904957171288682,13.238686276573933,18.39541971898714
dynamic_constant,34,3500,12.964315226607521,0.2771246377838838,14.827034572879478,13.247514935253989,18.58404490028604
dynamic_constant,35,3600,12.961276053316999,0.2709584246830297,14.882613306979417,13.229880925111564,18.905275775678877
dynamic_constant,36,3700,12.918360623893207,0.27264956521382055,14.865508453648172,13.121259995563445,18.818036409537076
dynamic_constant,37,3800,12.914944266942296,0.27279417795006794,14.813133430974943,13.145537286733756,18.55682017760757
dynamic_constant,38,3900,12.895126222047931,0.2720357290409234,14.848069404633392,13.105810029673426,19.079045786463244
dynamic_constant,39,4000,12.878239513873392,0.2752697462408017,14.764955053821549,13.096555324001713,18.184517288166482
dynamic_constant,40,4100,12.871215911772609,0.2759923098261209,14.782324117800474,13.161897898691768,18.272420565585726
dynamic_constant,41,4200,12.867526498030363,0.27426272354628584,14.790607521617389,13.191605127168293,18.567258257437768
dynamic_constant,42,4300,12.867526498030363,0.27426272354628584,14.8007874891663,13.239992808805408,18.195319493072834
dynamic_constant,43,4400,12.8612699479046,0.27730553511107686,14.759826398813843,13.210854251750726,18.11082310274516
dynamic_constant,44,4500,12.84871647710248,0.29227330848363775,14.76310604150046,13.214578315175322,18.32634413101378
dynamic_constant,45,4600,12.84871647710248,0.29227330848363775,14.829978119958588,13.211843272414821,18.572343561351968
dynamic_constant,46,4700,12.834324005909247,0.2747975951946947,14.787586915278146,13.168827807075061,18.561665085376656
dynamic_constant,47,4800,12.834324005909247,0.2747975951946947,14.816831744150544,13.176368793253616,18.995112085624974
dynamic_constant,48,4900,12.81613996024989,0.29225715724838797,14.819320835553418,13.122873509828159,18.61406601996681
dynamic_constant,49,5000,12.812475928539731,0.2907896567540481,14.796628338292802,13.109050247795091,18.9549611094257
dynamic_constant,50,5100,12.801965681043779,0.287214461970641,14.762257882882205,13.127864942496194,18.441281565926023
dynamic_exponential,0,100,18.245128030234888,0.3673610205265498,20.791401776311886,18.245128030234888,23.321888261971548
dynamic_exponential,1,200,15.535244526241124,0.4346298206070353,20.061153436835106,15.535244526241124,31.042178782226255
dynamic_exponential,2,300,15.13568104688072,0.30236898884105,18.30976579510993,15.212877710561434,27.075218155218966
dynamic_exponential,3,400,14.936367846487059,0.3020599698240346,17.09800977376241,15.034508748356282,22.236838633099023
dynamic_exponential,4,500,14.787638833973219,0.3194363137844282,16.569125087192234,14.859980200599065,19.41004836874395
dynamic_exponential,5,600,14.522731369869442,0.4118850908799599,16.343270342498652,14.624257799833837,19.12429675889176
dynamic_exponential,6,700,14.386606407863212,0.405156543690381,16.204884272536866,14.516545248053259,19.358297865242527
dynamic_exponential,7,800,14.269662434230344,0.41743657081561253,16.058178041846595,14.396116001182481,18.839611093990335
dynamic_exponential,8,900,14.118726456432302,0.39814770303303937,15.954745869028201,14.24137446326355,18.762266184693107
dynamic_exponential,9,1000,14.007089762351004,0.3864892280214051,15.870918159613629,14.096508043937177,18.725849737373647
dynamic_exponential,10,1100,13.941755543851338,0.3363474822661351,15.795794428612595,14.089809469026964,18.992908109580334
dynamic_exponential,11,1200,13.810963384199898,0.32712091673678473,15.712976919239614,13.937326084180583,18.69417246368456
dynamic_exponential,12,1300,13.747514400250347,0.31204511569226634,15.63985160925568,13.902892427561344,18.68983421596434
dynamic_exponential,13,1400,13.667917819528643,0.3038637979965099,15.562319189079568,13.843862294885113,18.944719799594882
dynamic_exponential,14,1500,13.619475484659798,0.3334277129716262,15.505720937194175,13.808506222814668,18.533397733571956
dynamic_exponential,15,1600,13.5662671201849,0.3496464362805592,15.41165784513225,13.744287974563218,18.99408767682682
dynamic_exponential,16,1700,13.534134212921975,0.3885282200747931,15.385941207569212,13.68097717465282,18.69869593343978
dynamic_exponential,17,1800,13.508914835842528,0.4046182128967976,15.341185415519638,13.717956062039704,19.157183027396176
dynamic_exponential,18,1900,13.455248860515805,0.383363558218204,15.267359505857986,13.635973201823626,18.466590003780976
dynamic_exponential,19,2000,13.44393721315202,0.38103640216712803,15.212788502582232,13.660613715791177,18.874017606356425
dynamic_exponential,20,2100,13.409111795982048,0.3880659051023504,15.15177966177267,13.58833552049642,18.924140976800274
dynamic_exponential,21,2200,13.342145459166298,0.35364756965832034,15.1352102171685,13.515665970620725,18.706670623461626
dynamic_exponential,22,2300,13.288800172731559,0.35485880180216084,15.077631705220162,13.473776010552374,18.664219503521288
dynamic_exponential,23,2400,13.26767252639101,0.33551603991469386,15.095191752504292,13.45492643579379,18.708158652111326
dynamic_exponential,24,2500,13.240984934275582,0.3348136141585342,15.054229907248535,13.439824816520105,18.637506235826063
dynamic_exponential,25,2600,13.188311461639566,0.3317687335524534,15.029136529175414,13.370458544624578,18.64792285503023
dynamic_exponential,26,2700,13.154352112093289,0.35280506458382993,14.96784829097702,13.335969591091251,18.607730640526274
dynamic_exponential,27,2800,13.138110322075585,0.3717995355547411,14.947208588387923,13.372898379010078,18.588521749639714
dynamic_exponential,28,2900,13.127557845332536,0.38176931183044494,14.950693757548034,13.35073980121452,18.91719164199424
dynamic_exponential,29,3000,13.117631918034126,0.37619813405910274,14.917724349192872,13.335722106014757,18.75878732573614
dynamic_exponential,30,3100,13.101712161966423,0.3809601890149011,14.918020137938072,13.259457788469732,19.125686586334247
dynamic_exponential,31,3200,13.085998360955832,0.3706808322055711,14.848178165283608,13.25346152112823,19.211625176397696
dynamic_exponential,32,3300,13.064478342423007,0.3797873126584844,14.812447510325512,13.23525250800439,18.73753419678955
dynamic_exponential,33,3400,13.053815058504867,0.37245316706107345,14.843828827302008,13.241125190973259,18.687367883794387
dynamic_exponential,34,3500,13.034973808159497,0.36250744107556154,14.842994919667868,13.221729249635217,18.79520378567421
dynamic_exponential,35,3600,13.007114822136293,0.35500788038061104,14.77290513217035,13.186761255297935,18.610742501824994
dynamic_exponential,36,3700,12.994436674644415,0.37376647039934846,14.829611554761176,13.204814430424497,19.31208380954887
dynamic_exponential,37,3800,12.962571145878261,0.3747453932026591,14.753927295360128,13.094243685103379,18.443310705340124
dynamic_exponential,38,3900,12.9561679877422,0.3742487764882154,14.741392332968669,13.173010162030433,18.428525026122863
dynamic_exponential,39,4000,12.94165347911976,0.3809541486227972,14.710409420316074,13.141618999042157,18.595636963626507
dynamic_exponential,40,4100,12.927061692335196,0.38677655410814804,14.680754952776235,13.15698914257273,18.770024472906048
dynamic_exponential,41,4200,12.90445779127431,0.37392131608760354,14.689873969722782,13.139930742227444,18.555157906545023
dynamic_exponential,42,4300,12.903767319380986,0.3741936728115061,14.714249494503004,13.09498324199193,18.834407630849366
dynamic_exponential,43,4400,12.903767319380986,0.3741936728115061,14.663160750224739,13.137984600440717,18.8006627647324
dynamic_exponential,44,4500,12.873522481481302,0.37831400801979276,14.697553895610383,13.021872293653184,18.487510012351912
dynamic_exponential,45,4600,12.869918414220631,0.381047402596913,14.710553124318551,13.023443732546099,18.62081596857687
dynamic_exponential,46,4700,12.868940245700182,0.3825830380769309,14.717532064343448,13.081804774677858,19.06784385689261
dynamic_exponential,47,4800,12.868940245700182,0.3825830380769309,14.720758330589518,13.075791120975584,18.615213533807488
dynamic_exponential,48,4900,12.860287317782342,0.38133225341114263,14.704005095258442,13.070068660526854,18.898662778502192
dynamic_exponential,49,5000,12.854624994664832,0.3828519520772611,14.667177069160001,13.037635520366996,18.40887663243242
dynamic_exponential,50,5100,12.853572731949672,0.383350549661849,14.69592627145352,13.046223942128432,18.88980016966112
random_search,0,100,18.245128030234888,0.3673610205265498,20.791401776311886,18.245128030234888,23.321888261971548
random_search,1,200,17.932556446801698,0.33779072632646845,20.82357477033614,18.16269582804633,23.274328756768988
random_search,2,300,17.85441007932305,0.29769571788171156,20.789202117855787,18.272990587534203,23.421088669556646
random_search,3,400,17.833562184963238,0.29495719280407257,20.82248451520375,18.221354997599185,23.2800709112631
random_search,4,500,17.769256043373666,0.2801303033855269,20.818440774792844,18.253750797581016,23.317174170316285
random_search,5,600,17.55666022648283,0.38742836362879096,20.79471091591011,18.10788647286328,23.139229107477956
random_search,6,700,17.517941567878363,0.3617304811191555,20.795585445510778,18.06656797810332,23.331625437358415
random_search,7,800,17.49024635356062,0.3486874423182133,20.8602062018022,18.259786649948865,23.284423206800884
random_search,8,900,17.45120923162447,0.33824940148678273,20.795642483112264,18.029873294709184,23.396812989400683
random_search,9,1000,17.45120923162447,0.33824940148678273,20.79188214236711,18.17724073756301,23.272353230968754
random_search,10,1100,17.45120923162447,0.33824940148678273,20.773721926601507,18.23727035785204,23.164622474941762
random_search,11,1200,17.437610265433488,0.3280791410037795,20.785482505013228,18.31910300066918,23.421019806596984
random_search,12,1300,17.390475199487543,0.3007715374278688,20.792274113748825,18.163837958418718,23.31466709476942
random_search,13,1400,17.380918851435148,0.30143282238051283,20.79515787898156,18.192535277035457,23.26671966546827
random_search,14,1500,17.369719589879146,0.29333842084364886,20.7780097661066,18.170813024747666,23.230781401447057
random_search,15,1600,17.369719589879146,0.29333842084364886,20.79377785102681,18.231761473903433,23.147415337976895
random_search,16,1700,17.369719589879146,0.29333842084364886,20.796056491625368,18.158136055351736,23.285885801038354
random_search,17,1800,17.319138544790185,0.3177627838065279,20.74584938029037,18.072506095272978,23.19107920463765
random_search,18,1900,17.299343506945387,0.3176934298590628,20.77677133597322,18.080668245409022,23.206152933124244
random_search,19,2000,17.269787830717195,0.31063632652488626,20.79582038182364,18.11525828733837,23.39157967027951
random_search,20,2100,17.2578600883729,0.2984537927127624,20.83092943456557,18.280414790402247,23.23766361343835
random_search,21,2200,17.238978894662665,0.29050221594788106,20.79334367840985,18.16174770201377,23.268497155994222
random_search,22,2300,17.230208244522913,0.2837005220318635,20.82037203016855,18.160880576223626,23.273831467409714
random_search,23,2400,17.230208244522913,0.2837005220318635,20.802978721423763,18.21901264552051,23.22456727322045
random_search,24,2500,17.230208244522913,0.2837005220318635,20.785762603312754,18.12851337068657,23.344324255168438
random_search,25,2600,17.230208244522913,0.2837005220318635,20.76945616774693,18.240865041540832,23.197675602778915
random_search,26,2700,17.230208244522913,0.2837005220318635,20.830885478722585,18.284738169942422,23.282310628114544
random_search,27,2800,17.215340686344174,0.273772315376808,20.838917779617212,18.38363891061243,23.36458462947618
random_search,28,2900,17.208074962253047,0.26511137640696186,20.780607940768494,18.15147329615076,23.30307772616898
random_search,29,3000,17.208074962253047,0.26511137640696186,20.78824473162768,18.300846858666436,23.362608718739228
random_search,30,3100,17.208074962253047,0.26511137640696186,20.80366990747809,18.245222120141523,23.22904681173816
random_search,31,3200,17.208074962253047,0.26511137640696186,20.777461822032457,18.2779218467583,23.225751169175158
random_search,32,3300,17.208074962253047,0.26511137640696186,20.790235718052248,18.34935312089232,23.233761183800283
random_search,33,3400,17.18970799685851,0.2595279327402574,20.795500996775324,18.158141077152276,23.202369279160465
random_search,34,3500,17.174234581477318,0.24857262999700117,20.78607173290907,18.156062870251393,23.248069747012188
random_search,35,3600,17.174234581477318,0.24857262999700117,20.813995321248544,18.24188134858405,23.25998057744892
random_search,36,3700,17.17162601578935,0.24526183277512426,20.80627688751048,18.12231781401971,23.389657668802116
random_search,37,3800,17.163668156711392,0.24043824323044527,20.85934540799394,18.273866991277625,23.3955731925896
random_search,38,3900,17.163668156711392,0.24043824323044527,20.798167133025288,18.193001266186588,23.278391162317227
random_search,39,4000,17.163668156711392,0.24043824323044527,20.821212237799642,18.256334404640352,23.3606981348795
random_search,40,4100,17.160686455705193,0.23822635568668948,20.788005870240912,18.05023011393262,23.32035762295174
random_search,41,4200,17.160686455705193,0.23822635568668948,20.80282161724107,18.1704653404539,23.256784156945674
random_search,42,4300,17.146962030665467,0.24014769599057204,20.786149013461152,18.02272604936403,23.2808880294185
random_search,43,4400,17.146962030665467,0.24014769599057204,20.81506291068646,18.408448173230326,23.322077352901992
random_search,44,4500,17.146962030665467,0.24014769599057204,20.772362878957964,18.194005752356013,23.322588652622144
random_search,45,4600,17.14680740909713,0.24007370889306964,20.7858834095289,18.09175123941628,23.16441257175779
random_search,46,4700,17.14680740909713,0.24007370889306964,20.82200086250642,18.28149024718158,23.311955464033478
random_search,47,4800,17.14680740909713,0.24007370889306964,20.778603202321857,18.077149336160616,23.304959079804778
random_search,48,4900,17.14680740909713,0.24007370889306964,20.810112718983294,18.157027331957742,23.345010002677146
random_search,49,5000,17.14680740909713,0.24007370889306964,20.867521377408053,18.26809218573195,23.355610162908704
random_search,50,5100,17.126858442608913,0.23541832306095384,20.790973533835192,18.226569244955545,23.293655781285434
