condition,generation,cumulative_evals,mean_best_so_far,std_best_so_far,mean_pop_mean_fitness
mutation_only,0,100,18.419672130848515,0.34826595956510076,20.743398515503145
mutation_only,1,200,15.648343362030648,0.1887856285158862,19.540723716812813
mutation_only,2,300,15.178410140874494,0.6425835211508103,18.2196644856267
mutation_only,3,400,15.021665802862554,0.5581014756211523,17.101093423357984
mutation_only,4,500,14.917013205796456,0.5160969314832897,16.563250945131237
mutation_only,5,600,14.77956048647492,0.44451063510850886,16.264091385773053
mutation_only,6,700,14.628322880180054,0.3969996123664017,16.05613937847952
mutation_only,7,800,14.472931831716972,0.28853362669937016,15.934918800576224
mutation_only,8,900,14.411271704734549,0.2912277749949642,15.775314605347523
mutation_only,9,1000,14.364014183317348,0.2642991355932221,15.690594295924916
mutation_only,10,1100,14.161712875162323,0.32667540694357816,15.558042412552805
mutation_only,11,1200,14.121073245906938,0.30355923372956173,15.493334033504402
mutation_only,12,1300,13.946393284083555,0.36141113788981416,15.393811382819269
mutation_only,13,1400,13.841035791957827,0.3821524567570391,15.295615501819768
mutation_only,14,1500,13.832391369145133,0.3742669662367519,15.217669937262835
mutation_only,15,1600,13.732571152611637,0.38457803423644954,15.14812892103657
mutation_only,16,1700,13.732571152611637,0.38457803423644954,15.106876155834334
mutation_only,17,1800,13.623039957788814,0.3197365413073948,15.166611184600322
mutation_only,18,1900,13.623039957788814,0.3197365413073948,15.17196695258084
mutation_only,19,2000,13.588774552261782,0.3049769523749796,15.129824173608139
mutation_only,20,2100,13.452537821884931,0.3572027345464827,15.120377827826378
mutation_only,21,2200,13.452537821884931,0.3572027345464827,15.059130702846739
mutation_only,22,2300,13.452537821884931,0.3572027345464827,15.02483019733333
mutation_only,23,2400,13.452537821884931,0.3572027345464827,15.002012521669002
mutation_only,24,2500,13.452537821884931,0.3572027345464827,15.003845148105876
mutation_only,25,2600,13.452537821884931,0.3572027345464827,15.025035722167354
mutation_only,26,2700,13.452537821884931,0.3572027345464827,15.031645939605635
mutation_only,27,2800,13.452537821884931,0.3572027345464827,15.044002994897724
mutation_only,28,2900,13.396973298524676,0.39021448002216463,15.05700422529974
mutation_only,29,3000,13.396973298524676,0.39021448002216463,15.107359688468296
mutation_only,30,3100,13.396973298524676,0.39021448002216463,15.070571632359059
mutation_only,31,3200,13.385705931534506,0.37032640860215177,15.01519218741924
mutation_only,32,3300,13.385705931534506,0.37032640860215177,15.026205052196914
mutation_only,33,3400,13.385705931534506,0.37032640860215177,15.034232226627832
mutation_only,34,3500,13.385705931534506,0.37032640860215177,14.96504886374026
mutation_only,35,3600,13.307827223054598,0.24569286194609738,14.93255370992775
mutation_only,36,3700,13.307827223054598,0.24569286194609738,14.934913505743108
mutation_only,37,3800,13.278538119988468,0.27611112174043084,14.907789944271874
mutation_only,38,3900,13.278538119988468,0.27611112174043084,14.894024995539855
mutation_only,39,4000,13.278538119988468,0.27611112174043084,14.892685315904464
mutation_only,40,4100,13.278538119988468,0.27611112174043084,14.910037505587528
mutation_only,41,4200,13.278538119988468,0.27611112174043084,14.89186808867224
mutation_only,42,4300,13.266871496922885,0.2648533850304803,14.866183695223219
mutation_only,43,4400,13.266871496922885,0.2648533850304803,14.94289395181291
mutation_only,44,4500,13.266871496922885,0.2648533850304803,14.904940685028924
mutation_only,45,4600,13.266871496922885,0.2648533850304803,14.91142488602813
mutation_only,46,4700,13.229118082327801,0.31599065787765585,14.861603408608735
mutation_only,47,4800,13.169668715330724,0.3705479634705961,14.769068992370787
mutation_only,48,4900,13.169668715330724,0.3705479634705961,14.742880361625268
mutation_only,49,5000,13.169668715330724,0.3705479634705961,14.761968485303992
mutation_only,50,5100,13.14678455045314,0.3732206151949836,14.799288797372366
mutation_crossover,0,100,18.419672130848515,0.34826595956510076,20.743398515503145
mutation_crossover,1,200,15.570849925144898,0.5301141997756892,19.970441201970175
mutation_crossover,2,300,15.063303392086635,0.2765528073657919,18.40013069686328
mutation_crossover,3,400,14.680070416937085,0.28207118072483456,17.06843879275876
mutation_crossover,4,500,14.604021638262816,0.20452972807289,16.703349227218915
mutation_crossover,5,600,14.59592647053106,0.21469240887480665,16.41967656930184
mutation_crossover,6,700,14.482183382571497,0.20544292278717785,16.266446043839256
mutation_crossover,7,800,14.325997475164002,0.06266930627189989,16.200726667622597
mutation_crossover,8,900,14.286185572889503,0.0896147813539533,16.12594647053692
mutation_crossover,9,1000,14.286185572889503,0.0896147813539533,16.086794696455296
mutation_crossover,10,1100,14.240676409152277,0.14564466773730173,16.04531571275786
mutation_crossover,11,1200,14.20582283691246,0.11377409100133035,15.962142048190197
mutation_crossover,12,1300,14.16723048321685,0.12334860046371017,16.01806685910027
mutation_crossover,13,1400,14.057133926035728,0.17237839370577177,15.980701038652091
mutation_crossover,14,1500,13.8832169623543,0.3955009510761732,15.963295784164137
mutation_crossover,15,1600,13.84120454955127,0.42838929645631657,15.88910419148622
mutation_crossover,16,1700,13.80431074782652,0.4154582419525213,15.812370619324856
mutation_crossover,17,1800,13.762171337825341,0.4164899814909931,15.787115871474658
mutation_crossover,18,1900,13.608629772784715,0.5447679364622748,15.778017026811899
mutation_crossover,19,2000,13.596971525466381,0.5299133562433641,15.775994290673859
mutation_crossover,20,2100,13.558057558473331,0.49281715057425407,15.811768060780025
mutation_crossover,21,2200,13.558057558473331,0.49281715057425407,15.757989676076587
mutation_crossover,22,2300,13.558057558473331,0.49281715057425407,15.785404453313785
mutation_crossover,23,2400,13.5500031976858,0.49509128811241204,15.743077071975563
mutation_crossover,24,2500,13.549699708438984,0.4948355426423075,15.797721658351179
mutation_crossover,25,2600,13.519390196634816,0.4725353134907708,15.76766636089227
mutation_crossover,26,2700,13.483515634533319,0.45525096614762256,15.785002001295481
mutation_crossover,27,2800,13.483515634533319,0.45525096614762256,15.74577980413154
mutation_crossover,28,2900,13.424575791355883,0.37951853539464575,15.713684102932842
mutation_crossover,29,3000,13.424575791355883,0.37951853539464575,15.6893058159928
mutation_crossover,30,3100,13.380344053329518,0.3107765406908615,15.627362659822571
mutation_crossover,31,3200,13.380344053329518,0.3107765406908615,15.640919861966205
mutation_crossover,32,3300,13.329415743254359,0.2476509814506659,15.623756462437644
mutation_crossover,33,3400,13.284071870095001,0.2523084110070133,15.640726577926127
mutation_crossover,34,3500,13.284071870095001,0.2523084110070133,15.611850280313622
mutation_crossover,35,3600,13.284071870095001,0.2523084110070133,15.58030939982053
mutation_crossover,36,3700,13.284071870095001,0.2523084110070133,15.649024145905793
mutation_crossover,37,3800,13.284071870095001,0.2523084110070133,15.681420562732324
mutation_crossover,38,3900,13.284071870095001,0.2523084110070133,15.687926960708626
mutation_crossover,39,4000,13.284071870095001,0.2523084110070133,15.67354331361166
mutation_crossover,40,4100,13.284071870095001,0.2523084110070133,15.697144017790809
mutation_crossover,41,4200,13.284071870095001,0.2523084110070133,15.796298176771225
mutation_crossover,42,4300,13.284071870095001,0.2523084110070133,15.741150864323549
mutation_crossover,43,4400,13.284071870095001,0.2523084110070133,15.738259356330122
mutation_crossover,44,4500,13.284071870095001,0.2523084110070133,15.737947064650834
mutation_crossover,45,4600,13.284071870095001,0.2523084110070133,15.78732124476221
mutation_crossover,46,4700,13.284071870095001,0.2523084110070133,15.784628485669703
mutation_crossover,47,4800,13.284071870095001,0.2523084110070133,15.785770716996813
mutation_crossover,48,4900,13.284071870095001,0.2523084110070133,15.701667998939806
mutation_crossover,49,5000,13.284071870095001,0.2523084110070133,15.737348086131268
mutation_crossover,50,5100,13.284071870095001,0.2523084110070133,15.736524255559704
random_search,0,100,18.419672130848515,0.34826595956510076,20.743398515503145
random_search,1,200,17.801231775827436,0.2508491169179269,20.872367951881795
random_search,2,300,17.801231775827436,0.2508491169179269,20.789717015513173
random_search,3,400,17.79765999550458,0.2485918706064804,20.856936751036535
random_search,4,500,17.79765999550458,0.2485918706064804,20.797904832566076
random_search,5,600,17.79765999550458,0.2485918706064804,20.830840903892636
random_search,6,700,17.69661034046327,0.24292024979740623,20.801158823934525
random_search,7,800,17.63513751791213,0.2077928339723079,20.911337198136867
random_search,8,900,17.62351199162125,0.19496316187503857,20.776876974226635
random_search,9,1000,17.62351199162125,0.19496316187503857,20.85655378641408
random_search,10,1100,17.62351199162125,0.19496316187503857,20.767388295829697
random_search,11,1200,17.62351199162125,0.19496316187503857,20.807352574914336
random_search,12,1300,17.56800234327048,0.1680616525573803,20.768044482933558
random_search,13,1400,17.566778254917654,0.16754725113816568,20.767771768436553
random_search,14,1500,17.566778254917654,0.16754725113816568,20.83726115665836
random_search,15,1600,17.566778254917654,0.16754725113816568,20.836386813937903
random_search,16,1700,17.566778254917654,0.16754725113816568,20.75955189294574
random_search,17,1800,17.36445407456181,0.36988278168365635,20.758203408121375
random_search,18,1900,17.285273923182636,0.37297593130599244,20.730623007065677
random_search,19,2000,17.167051218269858,0.3279712621436296,20.8410186060862
random_search,20,2100,17.167051218269858,0.3279712621436296,20.839211930135576
random_search,21,2200,17.167051218269858,0.3279712621436296,20.858417941294725
random_search,22,2300,17.131968617710847,0.2932115826287138,20.78730542959501
random_search,23,2400,17.131968617710847,0.2932115826287138,20.878276992154795
random_search,24,2500,17.131968617710847,0.2932115826287138,20.822420649483767
random_search,25,2600,17.131968617710847,0.2932115826287138,20.80542301371878
random_search,26,2700,17.131968617710847,0.2932115826287138,20.799087956788416
random_search,27,2800,17.131968617710847,0.2932115826287138,20.80528039269512
random_search,28,2900,17.131968617710847,0.2932115826287138,20.788038029971894
random_search,29,3000,17.131968617710847,0.2932115826287138,20.716096409786694
random_search,30,3100,17.131968617710847,0.2932115826287138,20.753733201115033
random_search,31,3200,17.131968617710847,0.2932115826287138,20.729483661279676
random_search,32,3300,17.131968617710847,0.2932115826287138,20.795619287826305
random_search,33,3400,17.131968617710847,0.2932115826287138,20.82968348647799
random_search,34,3500,17.07007495618609,0.23170439799554543,20.7851715040108
random_search,35,3600,17.07007495618609,0.23170439799554543,20.810219094686357
random_search,36,3700,17.07007495618609,0.23170439799554543,20.789718674317847
random_search,37,3800,17.07007495618609,0.23170439799554543,20.932137101496814
random_search,38,3900,17.07007495618609,0.23170439799554543,20.802032188647043
random_search,39,4000,17.07007495618609,0.23170439799554543,20.797431463318084
random_search,40,4100,17.058148152161294,0.21705459447436112,20.817359977153625
random_search,41,4200,17.058148152161294,0.21705459447436112,20.762253982281752
random_search,42,4300,17.058148152161294,0.21705459447436112,20.80529474800748
random_search,43,4400,17.058148152161294,0.21705459447436112,20.940078022260924
random_search,44,4500,17.058148152161294,0.21705459447436112,20.83206841125397
random_search,45,4600,17.058148152161294,0.21705459447436112,20.71910872283455
random_search,46,4700,17.058148152161294,0.21705459447436112,20.87363028067139
random_search,47,4800,17.058148152161294,0.21705459447436112,20.7102950981319
random_search,48,4900,17.058148152161294,0.21705459447436112,20.79540142030986
random_search,49,5000,17.058148152161294,0.21705459447436112,20.865154250324363
random_search,50,5100,17.058148152161294,0.21705459447436112,20.795965973818276
