condition,seed,generation,cumulative_evals,pop_mean_fitness,pop_std_fitness,best_so_far
mutation_only,0,0,100,20.797298156446587,0.9663858374888888,18.72736184954957
mutation_only,0,1,200,19.613367195888962,1.2695227169064207,15.704834939252004
mutation_only,0,2,300,18.060450202520183,1.4757338445888057,13.917800560721073
mutation_only,0,3,400,16.925532888415006,1.0150276902619255,13.917800560721073
mutation_only,0,4,500,16.49047405098099,0.7567377523671129,13.917800560721073
mutation_only,0,5,600,16.15956932990042,0.5873127899576432,13.917800560721073
mutation_only,0,6,700,15.82811600717703,0.6067732654874544,13.917800560721073
mutation_only,0,7,800,15.705390034564482,0.6202971534242969,13.917800560721073
mutation_only,0,8,900,15.556147726397409,0.5799616489764942,13.917800560721073
mutation_only,0,9,1000,15.415173302857433,0.567694609968328,13.917800560721073
mutation_only,0,10,1100,15.310193757799636,0.611713413125406,13.910844001658269
mutation_only,0,11,1200,15.278131586583692,0.6203618758909761,13.910844001658269
mutation_only,0,12,1300,15.230646889940099,0.6565322353138839,13.714944167960988
mutation_only,0,13,1400,15.110196653728364,0.5598329455658015,13.429705854077836
mutation_only,0,14,1500,15.007942556571566,0.5539538316742941,13.429705854077836
mutation_only,0,15,1600,14.845627777913602,0.5232895766169969,13.429705854077836
mutation_only,0,16,1700,14.91118691626207,0.5792675953940402,13.429705854077836
mutation_only,0,17,1800,14.874478169274402,0.6133262561354803,13.429705854077836
mutation_only,0,18,1900,14.926021972312382,0.6076949519165865,13.429705854077836
mutation_only,0,19,2000,14.849942363375838,0.5855515099556705,13.429705854077836
mutation_only,0,20,2100,14.806898416538203,0.656162888438,13.095445115010332
mutation_only,0,21,2200,14.727162429290791,0.5807858369960849,13.095445115010332
mutation_only,0,22,2300,14.685480397446602,0.6702458037087605,13.095445115010332
mutation_only,0,23,2400,14.563764896330587,0.5397920208225405,13.095445115010332
mutation_only,0,24,2500,14.588228030981895,0.578120093217681,13.095445115010332
mutation_only,0,25,2600,14.619143379368218,0.6011141243011017,13.095445115010332
mutation_only,0,26,2700,14.602295325878886,0.5939077695858376,13.095445115010332
mutation_only,0,27,2800,14.563151351789333,0.5359822472180668,13.095445115010332
mutation_only,0,28,2900,14.596723000347993,0.5496619895938925,13.095445115010332
mutation_only,0,29,3000,14.669550040958411,0.5949054771647431,13.095445115010332
mutation_only,0,30,3100,14.660594980593423,0.5404874023757773,13.095445115010332
mutation_only,0,31,3200,14.6006215408529,0.538571558810181,13.095445115010332
mutation_only,0,32,3300,14.708258292720778,0.5590657825070379,13.095445115010332
mutation_only,0,33,3400,14.763591510670738,0.6207837401813843,13.095445115010332
mutation_only,0,34,3500,14.534928485450525,0.5718572764198138,13.095445115010332
mutation_only,0,35,3600,14.54687496009554,0.6037909878472637,13.095445115010332
mutation_only,0,36,3700,14.400951887869642,0.584319740191111,13.095445115010332
mutation_only,0,37,3800,14.498771507277345,0.6932860500006135,12.948999599679679
mutation_only,0,38,3900,14.328552978044597,0.5922689638467352,12.948999599679679
mutation_only,0,39,4000,14.354125033693144,0.7415924782871754,12.948999599679679
mutation_only,0,40,4100,14.326199907368068,0.6260740633089337,12.948999599679679
mutation_only,0,41,4200,14.348813476731832,0.7332196316271773,12.948999599679679
mutation_only,0,42,4300,14.270116856756497,0.5761777514510161,12.948999599679679
mutation_only,0,43,4400,14.315232461172398,0.6148154793627089,12.948999599679679
mutation_only,0,44,4500,14.241342576974324,0.62070915519842,12.948999599679679
mutation_only,0,45,4600,14.183236445580892,0.6254826613170996,12.948999599679679
mutation_only,0,46,4700,14.216566542388016,0.6529316487747147,12.760232526704263
mutation_only,0,47,4800,14.275419969893099,0.6901022674333317,12.547722557505166
mutation_only,0,48,4900,14.292340183672389,0.6668957169438146,12.547722557505166
mutation_only,0,49,5000,14.315828935767993,0.6904248315927584,12.547722557505166
mutation_only,0,50,5100,14.130776458969764,0.6195090409653496,12.547722557505166
mutation_only,1,0,100,20.880490305213378,1.0861954924259782,18.456465996625056
mutation_only,1,1,200,19.601553610762984,1.2088870712449573,15.557965224510319
mutation_only,1,2,300,18.333995654821624,1.2504699117201492,15.31069386451104
mutation_only,1,3,400,17.268210143972205,1.0085995891476687,15.16794833886788
mutation_only,1,4,500,16.56469377147606,0.6037378734250622,14.976819745345026
mutation_only,1,5,600,16.300516306606486,0.5245356764296651,14.976819745345026
mutation_only,1,6,700,16.108335193388715,0.5766410857368955,14.73072757526625
mutation_only,1,7,800,16.024349966223493,0.6330557691586653,14.524845673131658
mutation_only,1,8,900,15.79745964603251,0.6130233349778075,14.290724809414742
mutation_only,1,9,1000,15.829461982968487,0.5819362335788008,14.280697580112786
mutation_only,1,10,1100,15.666964104498666,0.6608903312279523,14.254723699099141
mutation_only,1,11,1200,15.510215725800254,0.6396021943581722,14.234387974463898
mutation_only,1,12,1300,15.430582238379621,0.6490978844489214,14.234387974463898
mutation_only,1,13,1400,15.203314498629853,0.7074120641028803,13.992838827718412
mutation_only,1,14,1500,15.077177594548278,0.6225612960672955,13.992838827718412
mutation_only,1,15,1600,15.148584686470421,0.7311147905277956,13.493737745050923
mutation_only,1,16,1700,14.968916902790674,0.6641513175694691,13.493737745050923
mutation_only,1,17,1800,15.13898035230701,0.7546508864314321,13.493737745050923
mutation_only,1,18,1900,15.019885518437,0.6209883247952247,13.493737745050923
mutation_only,1,19,2000,15.043873152409779,0.713177802374597,13.427566688249707
mutation_only,1,20,2100,14.937862448563031,0.816488853164589,13.172004514666936
mutation_only,1,21,2200,14.885690711457212,0.6494157636254902,13.172004514666936
mutation_only,1,22,2300,14.871789395506253,0.7264008746273186,13.172004514666936
mutation_only,1,23,2400,14.898645515373842,0.7199295098086702,13.172004514666936
mutation_only,1,24,2500,14.906924143173006,0.6785001118888143,13.172004514666936
mutation_only,1,25,2600,15.03670583246099,0.6986420785267796,13.172004514666936
mutation_only,1,26,2700,15.033618796032409,0.63470142287863,13.172004514666936
mutation_only,1,27,2800,15.018628875706508,0.7447515967179652,13.172004514666936
mutation_only,1,28,2900,15.038231977300239,0.6784046051853201,13.172004514666936
mutation_only,1,29,3000,15.1666362911035,0.7370689946933091,13.172004514666936
mutation_only,1,30,3100,15.184260057405792,0.7018244038653432,13.172004514666936
mutation_only,1,31,3200,15.118658516900615,0.7666653766453811,13.172004514666936
mutation_only,1,32,3300,14.98746670631269,0.7295407503163721,13.172004514666936
mutation_only,1,33,3400,14.97561252027024,0.683524294678097,13.172004514666936
mutation_only,1,34,3500,14.920443342193707,0.7070866625194945,13.172004514666936
mutation_only,1,35,3600,14.828615568409754,0.662330058835909,13.172004514666936
mutation_only,1,36,3700,15.01142531466496,0.7142356176231888,13.172004514666936
mutation_only,1,37,3800,14.967456879258576,0.687224312519353,13.172004514666936
mutation_only,1,38,3900,14.970152012481519,0.7152199311131485,13.172004514666936
mutation_only,1,39,4000,15.050251126675425,0.7720415550532683,13.172004514666936
mutation_only,1,40,4100,15.12241681039333,0.8608540564881347,13.172004514666936
mutation_only,1,41,4200,14.867604177221947,0.7494454020274125,13.172004514666936
mutation_only,1,42,4300,14.899435830457842,0.6956519042361242,13.172004514666936
mutation_only,1,43,4400,15.088921107237695,0.7094885436768973,13.172004514666936
mutation_only,1,44,4500,14.952673429926078,0.6756979592637306,13.172004514666936
mutation_only,1,45,4600,14.950162020547113,0.7634975506212127,13.172004514666936
mutation_only,1,46,4700,14.965905411948745,0.7123047127628853,13.172004514666936
mutation_only,1,47,4800,14.779022077350596,0.7035004240907821,13.172004514666936
mutation_only,1,48,4900,14.709613099016456,0.7103553691645262,13.172004514666936
mutation_only,1,49,5000,14.72959983669414,0.7667885579527903,13.172004514666936
mutation_only,1,50,5100,14.710628638945465,0.6924092536632911,13.057583690279023
mutation_only,2,0,100,20.629203275222288,0.8444515027963536,18.83390796058137
mutation_only,2,1,200,19.40332381987166,1.1516519848621412,15.593473631142341
mutation_only,2,2,300,18.166961902133174,1.2549961309981128,15.593473631142341
mutation_only,2,3,400,16.981603602256314,0.9701894692183897,15.354515615568197
mutation_only,2,4,500,16.40694367274672,0.5713589946241268,15.34741302385683
mutation_only,2,5,600,16.218620420485262,0.4753448070073632,15.182085548648711
mutation_only,2,6,700,16.112483996191408,0.460114989098465,15.055592347112503
mutation_only,2,7,800,15.990849519112633,0.5400153940834171,14.670459909270544
mutation_only,2,8,900,15.855050702061153,0.5046287201457175,14.670459909270544
mutation_only,2,9,1000,15.757892415268728,0.5406208218945647,14.449637662132067
mutation_only,2,10,1100,15.628888075587568,0.487851957129136,14.420526275297414
mutation_only,2,11,1200,15.539231921374315,0.584314318047189,14.237663853655729
mutation_only,2,12,1300,15.43875541349116,0.49065834386104107,14.237663853655729
mutation_only,2,13,1400,15.43768313170711,0.4592336736806401,14.237663853655729
mutation_only,2,14,1500,15.437555739985203,0.5093325851720345,14.237663853655729
mutation_only,2,15,1600,15.353449741322086,0.5022086921898011,14.237663853655729
mutation_only,2,16,1700,15.41646018842465,0.4890808238543847,14.237663853655729
mutation_only,2,17,1800,15.455714951088169,0.508059673698571,14.237663853655729
mutation_only,2,18,1900,15.579934842199805,0.584259613993035,14.237663853655729
mutation_only,2,19,2000,15.510907180083773,0.596054072228859,14.182085548648711
mutation_only,2,20,2100,15.538902692100304,0.6474986652766094,14.090724809414743
mutation_only,2,21,2200,15.423005841737027,0.5483319478551133,14.090724809414743
mutation_only,2,22,2300,15.37700317912281,0.5713026925907247,14.090724809414743
mutation_only,2,23,2400,15.42035214831018,0.5348449176829246,14.090724809414743
mutation_only,2,24,2500,15.385893264032365,0.5396793426404232,14.090724809414743
mutation_only,2,25,2600,15.368985345077306,0.48682019701548224,14.090724809414743
mutation_only,2,26,2700,15.413954490838046,0.47467760382892144,14.090724809414743
mutation_only,2,27,2800,15.467435807538301,0.467392408470967,14.090724809414743
mutation_only,2,28,2900,15.43863196998079,0.48639030374315456,14.090724809414743
mutation_only,2,29,3000,15.494007044242524,0.556110922234151,14.090724809414743
mutation_only,2,30,3100,15.462486007018702,0.5873043139216014,14.090724809414743
mutation_only,2,31,3200,15.31495152658789,0.5420950041952651,14.034387974463899
mutation_only,2,32,3300,15.372676855019725,0.5658948749278302,14.034387974463899
mutation_only,2,33,3400,15.428640308971188,0.5687203672913514,14.034387974463899
mutation_only,2,34,3500,15.389308257234623,0.5323444904608566,14.034387974463899
mutation_only,2,35,3600,15.359369223493479,0.6055215223802454,13.644994432064365
mutation_only,2,36,3700,15.360867505887109,0.5653115285154934,13.644994432064365
mutation_only,2,37,3800,15.33069812552555,0.6586210033388572,13.644994432064365
mutation_only,2,38,3900,15.342842291683844,0.6452285270238227,13.644994432064365
mutation_only,2,39,4000,15.165100672455742,0.6039273563726845,13.644994432064365
mutation_only,2,40,4100,15.16732008395192,0.5616725129052098,13.644994432064365
mutation_only,2,41,4200,15.239482644928044,0.581520444166382,13.644994432064365
mutation_only,2,42,4300,15.151256567633212,0.5888341947849005,13.644994432064365
mutation_only,2,43,4400,15.154764874893845,0.6474432203316316,13.644994432064365
mutation_only,2,44,4500,15.166078072813825,0.5644247274911758,13.644994432064365
mutation_only,2,45,4600,15.135950415013188,0.6624904903415532,13.644994432064365
mutation_only,2,46,4700,15.089999719346768,0.5875647035484088,13.644994432064365
mutation_only,2,47,4800,14.955556656866882,0.6360747514883632,13.644994432064365
mutation_only,2,48,4900,14.959010272797183,0.6210383231373301,13.644994432064365
mutation_only,2,49,5000,14.948475307976969,0.4848675755514279,13.644994432064365
mutation_only,2,50,5100,15.20041202851353,0.6323785398901234,13.644994432064365
mutation_only,3,0,100,20.787144770048453,0.9792709373670397,18.2
mutation_only,3,1,200,19.69944967801381,1.2121774927696303,15.975467891024385
mutation_only,3,2,300,18.40017982836158,1.3429237555571285,15.660107523773828
mutation_only,3,3,400,17.279253972802863,0.8695717930336407,15.258089374931439
mutation_only,3,4,500,16.72523220418084,0.5824338694319448,15.258089374931439
mutation_only,3,5,600,16.363851268384945,0.5614646431782324,14.839607805437115
mutation_only,3,6,700,16.088167770300657,0.6044304235399687,14.526649916142159
mutation_only,3,7,800,15.888303414386066,0.5507592043276135,14.526649916142159
mutation_only,3,8,900,15.851093415566602,0.5839774482249201,14.45472369909914
mutation_only,3,9,1000,15.691170841464748,0.5611653323822062,14.44928556845359
mutation_only,3,10,1100,15.50705393591646,0.5439904921639804,13.669693845669906
mutation_only,3,11,1200,15.42825285542756,0.6238765130416863,13.669693845669906
mutation_only,3,12,1300,15.209997428558825,0.6862369686516223,13.341640786499873
mutation_only,3,13,1400,15.156963600067936,0.6659709028573496,13.341640786499873
mutation_only,3,14,1500,15.14710832636097,0.6550885594807129,13.341640786499873
mutation_only,3,15,1600,15.039915820114887,0.5722345870605359,13.341640786499873
mutation_only,3,16,1700,14.98204020587288,0.5295169629072388,13.341640786499873
mutation_only,3,17,1800,15.091984031445298,0.5628465817440391,13.341640786499873
mutation_only,3,18,1900,15.117117693603864,0.6200039307346954,13.341640786499873
mutation_only,3,19,2000,15.074852879488539,0.5781470809331857,13.341640786499873
mutation_only,3,20,2100,15.116699596456149,0.5707295934346437,13.341640786499873
mutation_only,3,21,2200,15.140925122075593,0.6221928996378631,13.341640786499873
mutation_only,3,22,2300,15.059927407662704,0.5293815737025662,13.341640786499873
mutation_only,3,23,2400,15.015119443306265,0.5993586208339644,13.341640786499873
mutation_only,3,24,2500,14.964447772708747,0.5945546011159818,13.341640786499873
mutation_only,3,25,2600,14.94438879496471,0.6146813469724284,13.341640786499873
mutation_only,3,26,2700,14.904709210235744,0.6023292070928076,13.341640786499873
mutation_only,3,27,2800,14.938472874248246,0.6480601696090286,13.341640786499873
mutation_only,3,28,2900,14.877799664935642,0.7478888459015557,13.063818169698585
mutation_only,3,29,3000,14.789804676153897,0.7642539296693732,13.063818169698585
mutation_only,3,30,3100,14.79029078925092,0.7463750794930948,13.063818169698585
mutation_only,3,31,3200,14.696090499406335,0.5869890300609268,13.063818169698585
mutation_only,3,32,3300,14.81209230371491,0.731297799557298,13.063818169698585
mutation_only,3,33,3400,14.776711509651854,0.6540372804878528,13.063818169698585
mutation_only,3,34,3500,14.826256935982444,0.6559021928446281,13.063818169698585
mutation_only,3,35,3600,14.742875023771942,0.5916292261194299,13.063818169698585
mutation_only,3,36,3700,14.774051579579918,0.7489230680085459,13.063818169698585
mutation_only,3,37,3800,14.714810209090304,0.6328836023763441,13.063818169698585
mutation_only,3,38,3900,14.824716687542645,0.6892776104252731,13.063818169698585
mutation_only,3,39,4000,14.878757929018581,0.6269403127028261,13.063818169698585
mutation_only,3,40,4100,14.922898099514407,0.6631478435654043,13.063818169698585
mutation_only,3,41,4200,14.994065936586415,0.6983456281677487,13.063818169698585
mutation_only,3,42,4300,15.013691982501882,0.6737213275842998,13.063818169698585
mutation_only,3,43,4400,15.12546014480203,0.728967525749649,13.063818169698585
mutation_only,3,44,4500,15.082365474843606,0.7237971083416073,13.063818169698585
mutation_only,3,45,4600,15.081427573448861,0.6888540622608249,13.063818169698585
mutation_only,3,46,4700,15.025442971073149,0.6988580699124474,13.063818169698585
mutation_only,3,47,4800,14.872413517471758,0.7031939666636075,13.063818169698585
mutation_only,3,48,4900,14.876213026793065,0.69385507192519,13.063818169698585
mutation_only,3,49,5000,14.93861410467938,0.7899021180815642,13.063818169698585
mutation_only,3,50,5100,15.016581405033662,0.7589876746755643,13.063818169698585
mutation_only,4,0,100,20.62285607058501,0.9788764107966168,17.880624847486573
mutation_only,4,1,200,19.385924279526655,1.2214286411612958,15.409975124224179
mutation_only,4,2,300,18.136734840296945,1.2783357725894784,15.409975124224179
mutation_only,4,3,400,17.050866509343525,0.8560929488226687,15.409975124224179
mutation_only,4,4,500,16.62891102627157,0.6443571398771635,15.08494332412792
mutation_only,4,5,600,16.277899603488144,0.5117341678544598,14.981488772222677
mutation_only,4,6,700,16.143593925339793,0.540103276539558,14.910844001658269
mutation_only,4,7,800,16.06570106859445,0.680166931768353,14.72490309931942
mutation_only,4,8,900,15.816821536679942,0.5159959208459187,14.722649545167231
mutation_only,4,9,1000,15.759272937065184,0.4707796373112649,14.722649545167231
mutation_only,4,10,1100,15.677112188961708,0.4751341921453088,14.55277655408689
mutation_only,4,11,1200,15.710838078336181,0.5475392003749924,14.55277655408689
mutation_only,4,12,1300,15.659074943726635,0.5865753389675411,14.20332963783729
mutation_only,4,13,1400,15.56991962496558,0.5656738863754663,14.20332963783729
mutation_only,4,14,1500,15.418565468848156,0.5442973454270876,14.160107523773828
mutation_only,4,15,1600,15.353066579361862,0.5250389374066444,14.160107523773828
mutation_only,4,16,1700,15.255776565821396,0.5267025185974571,14.160107523773828
mutation_only,4,17,1800,15.271898418886721,0.6200462003567019,13.61245154965971
mutation_only,4,18,1900,15.21687473635115,0.5856401024066479,13.61245154965971
mutation_only,4,19,2000,15.169545292682766,0.6417901637043248,13.56287388383278
mutation_only,4,20,2100,15.2015259854742,0.5194865762957184,13.56287388383278
mutation_only,4,21,2200,15.118869409673081,0.5706429121534107,13.56287388383278
mutation_only,4,22,2300,15.129950606928286,0.5649222928471114,13.56287388383278
mutation_only,4,23,2400,15.11218060502414,0.5598080355384497,13.56287388383278
mutation_only,4,24,2500,15.173732529633362,0.5787848679313774,13.56287388383278
mutation_only,4,25,2600,15.155955258965554,0.5874815651541948,13.56287388383278
mutation_only,4,26,2700,15.203651875043096,0.5828507217053382,13.56287388383278
mutation_only,4,27,2800,15.232326065206234,0.5235501363538823,13.56287388383278
mutation_only,4,28,2900,15.333634513934037,0.5553617135683918,13.56287388383278
mutation_only,4,29,3000,15.416800389883138,0.5950419788567413,13.56287388383278
mutation_only,4,30,3100,15.25522632752646,0.5589982056660721,13.56287388383278
mutation_only,4,31,3200,15.345638853348465,0.5951030044915367,13.56287388383278
mutation_only,4,32,3300,15.250531103216469,0.565920367772603,13.56287388383278
mutation_only,4,33,3400,15.226605283575152,0.6647303111633046,13.56287388383278
mutation_only,4,34,3500,15.154307297839996,0.5479324161634218,13.56287388383278
mutation_only,4,35,3600,15.18503377386804,0.596521882349569,13.56287388383278
mutation_only,4,36,3700,15.127271240713917,0.5546450276915776,13.56287388383278
mutation_only,4,37,3800,15.027213000207592,0.5818513086437505,13.56287388383278
mutation_only,4,38,3900,15.003861007946673,0.5628160314740416,13.56287388383278
mutation_only,4,39,4000,15.015191817679426,0.5125616374212255,13.56287388383278
mutation_only,4,40,4100,15.01135262670992,0.527985972996892,13.56287388383278
mutation_only,4,41,4200,15.009374207892966,0.5962357956971039,13.56287388383278
mutation_only,4,42,4300,14.996417238766664,0.5353312092534018,13.50454076850486
mutation_only,4,43,4400,15.030091170958565,0.5613837741524174,13.50454076850486
mutation_only,4,44,4500,15.08224387058679,0.5499660075048933,13.50454076850486
mutation_only,4,45,4600,15.206347975550578,0.6157898944816467,13.50454076850486
mutation_only,4,46,4700,15.010102398287,0.5233071459454085,13.50454076850486
mutation_only,4,47,4800,14.962932740271604,0.5397761813200973,13.419803902718558
mutation_only,4,48,4900,14.877225225847246,0.6063856207600727,13.419803902718558
mutation_only,4,49,5000,14.877324241401476,0.5153496906620781,13.419803902718558
mutation_only,4,50,5100,14.938045455399424,0.6333729352783478,13.419803902718558
mutation_crossover,0,0,100,20.797298156446587,0.9663858374888888,18.72736184954957
mutation_crossover,0,1,200,19.921139608345708,2.5023028275832995,15.781534080237808
mutation_crossover,0,2,300,18.051922251389882,2.150950943025045,15.269693845669908
mutation_crossover,0,3,400,16.952723841700465,1.1155048136625194,14.357066051117284
mutation_crossover,0,4,500,16.532493366431332,0.8492824785480227,14.357066051117284
mutation_crossover,0,5,600,16.156261888304304,0.7102502490249237,14.316590212458495
mutation_crossover,0,6,700,16.07787190628634,0.6989858719007837,14.316590212458495
mutation_crossover,0,7,800,16.023044744336712,0.7956703691370007,14.316590212458495
mutation_crossover,0,8,900,16.159107958820574,0.9464985644399742,14.160107523773828
mutation_crossover,0,9,1000,15.896382155189556,0.8102791814462246,14.160107523773828
mutation_crossover,0,10,1100,15.96596180584881,0.7261810509700753,14.160107523773828
mutation_crossover,0,11,1200,16.018690725941344,0.8844966041356139,14.160107523773828
mutation_crossover,0,12,1300,16.021223771030897,0.9122554036068259,14.059591794226542
mutation_crossover,0,13,1400,15.890088409924202,0.8199991571686076,13.843908891458577
mutation_crossover,0,14,1500,15.73496015849518,0.9365545501511332,13.64476105895272
mutation_crossover,0,15,1600,15.738176575972838,1.0309526775555757,13.43469899493758
mutation_crossover,0,16,1700,15.56244300465331,0.7956547406747873,13.43469899493758
mutation_crossover,0,17,1800,15.600162399321245,0.9051014944183484,13.43469899493758
mutation_crossover,0,18,1900,15.645308371985559,0.8975769078419507,13.43469899493758
mutation_crossover,0,19,2000,15.801651647700467,0.8243252093408868,13.43469899493758
mutation_crossover,0,20,2100,15.57733584812005,0.8474951622121824,13.43469899493758
mutation_crossover,0,21,2200,15.313004055384363,0.659109220678018,13.43469899493758
mutation_crossover,0,22,2300,15.484301168526553,0.8305619942579286,13.43469899493758
mutation_crossover,0,23,2400,15.543494468934211,0.846467209978961,13.394427190999917
mutation_crossover,0,24,2500,15.604967884027763,0.9179721908259209,13.394427190999917
mutation_crossover,0,25,2600,15.627080627130617,0.730470060202822,13.394427190999917
mutation_crossover,0,26,2700,15.662022078116314,0.9344451527456872,13.394427190999917
mutation_crossover,0,27,2800,15.524165031279727,0.7969744118087515,13.394427190999917
mutation_crossover,0,28,2900,15.457879531298284,0.8007945756584295,13.394427190999917
mutation_crossover,0,29,3000,15.45825358374753,0.8159938777409232,13.394427190999917
mutation_crossover,0,30,3100,15.512150307186502,0.7852137683973546,13.394427190999917
mutation_crossover,0,31,3200,15.467961064189728,0.9685192126127439,13.394427190999917
mutation_crossover,0,32,3300,15.258688909722602,0.8190853075798395,13.394427190999917
mutation_crossover,0,33,3400,15.21835884485013,0.7162743603766288,13.16770782520313
mutation_crossover,0,34,3500,15.446900166251726,0.8797176257939856,13.16770782520313
mutation_crossover,0,35,3600,15.391798240600588,0.6926331850053623,13.16770782520313
mutation_crossover,0,36,3700,15.3856337903783,0.6831333344489257,13.16770782520313
mutation_crossover,0,37,3800,15.324959262979029,0.7239764419656399,13.16770782520313
mutation_crossover,0,38,3900,15.455461886497353,0.7957140990075138,13.16770782520313
mutation_crossover,0,39,4000,15.43845134800838,0.7902362762056687,13.16770782520313
mutation_crossover,0,40,4100,15.43594942170294,0.8000526259822942,13.16770782520313
mutation_crossover,0,41,4200,15.661655364396402,0.9113968509766052,13.16770782520313
mutation_crossover,0,42,4300,15.551836976093997,0.9030839339670607,13.16770782520313
mutation_crossover,0,43,4400,15.45569221578719,0.7854111204151477,13.16770782520313
mutation_crossover,0,44,4500,15.551420548677081,0.8816259869914596,13.16770782520313
mutation_crossover,0,45,4600,15.538247922585521,0.7729624380587264,13.16770782520313
mutation_crossover,0,46,4700,15.608591229676113,0.8625818405013742,13.16770782520313
mutation_crossover,0,47,4800,15.591422651263617,0.9303708747736631,13.16770782520313
mutation_crossover,0,48,4900,15.536867207039684,0.8540458694136654,13.16770782520313
mutation_crossover,0,49,5000,15.501865098395417,0.9334945699511558,13.16770782520313
mutation_crossover,0,50,5100,15.457704904070399,0.8230434772970008,13.16770782520313
mutation_crossover,1,0,100,20.880490305213378,1.0861954924259782,18.456465996625056
mutation_crossover,1,1,200,20.084874958081134,2.5495933389427488,15.285229954635271
mutation_crossover,1,2,300,18.779687677321068,2.6566226532096193,14.956465996625052
mutation_crossover,1,3,400,17.06826241297897,1.0356468101431895,14.524807680927193
mutation_crossover,1,4,500,16.85055384875705,1.0827962615306008,14.524807680927193
mutation_crossover,1,5,600,16.61026478892508,1.0531321148239332,14.524807680927193
mutation_crossover,1,6,700,16.393036384810433,1.0036838236032681,14.524807680927193
mutation_crossover,1,7,800,16.263763778367636,0.9196656172755354,14.335415650406262
mutation_crossover,1,8,900,16.14478103462526,0.8358850379691672,14.292838827718413
mutation_crossover,1,9,1000,16.265840206125073,1.09288547655014,14.292838827718413
mutation_crossover,1,10,1100,16.2534283888659,0.8602172939544984,14.292838827718413
mutation_crossover,1,11,1200,16.1344048786542,0.838417269120082,14.292838827718413
mutation_crossover,1,12,1300,16.311193114592932,0.9412916742195198,14.292838827718413
mutation_crossover,1,13,1400,16.19594912701998,0.7191426137894893,14.06287388383278
mutation_crossover,1,14,1500,16.109014238993044,0.7655342619301664,14.06287388383278
mutation_crossover,1,15,1600,15.975151773170735,0.9039646196091894,14.06287388383278
mutation_crossover,1,16,1700,15.74401689259159,0.7741562697722609,13.878404875209021
mutation_crossover,1,17,1800,15.630908577915141,0.9063599746471503,13.66770782520313
mutation_crossover,1,18,1900,15.510676765676724,0.9353828564638877,12.9
mutation_crossover,1,19,2000,15.473172311669737,0.7682321322430807,12.9
mutation_crossover,1,20,2100,15.558229398122354,0.9291459347210282,12.9
mutation_crossover,1,21,2200,15.5495066806976,1.0094240483849286,12.9
mutation_crossover,1,22,2300,15.517561225272665,0.9554699661572282,12.9
mutation_crossover,1,23,2400,15.43933804831056,0.6940863548811689,12.9
mutation_crossover,1,24,2500,15.703570845969182,0.7924375324144213,12.9
mutation_crossover,1,25,2600,15.522523369250537,0.8907293682903719,12.9
mutation_crossover,1,26,2700,15.656391782271099,0.8445194567427179,12.9
mutation_crossover,1,27,2800,15.682903004709779,0.9251710128056636,12.9
mutation_crossover,1,28,2900,15.590855607237486,0.7955646520941926,12.9
mutation_crossover,1,29,3000,15.543582434606172,0.8866935948949238,12.9
mutation_crossover,1,30,3100,15.401878404463837,0.89351801208228,12.9
mutation_crossover,1,31,3200,15.295352757910473,0.9213266850922447,12.9
mutation_crossover,1,32,3300,15.285205718596162,0.7936107052205631,12.9
mutation_crossover,1,33,3400,15.550237678482937,1.0107426300392992,12.9
mutation_crossover,1,34,3500,15.434340442202883,0.8813608026998824,12.9
mutation_crossover,1,35,3600,15.309261463292154,0.9550291167124011,12.9
mutation_crossover,1,36,3700,15.382499613284269,0.8926029001156003,12.9
mutation_crossover,1,37,3800,15.366254762257375,0.7932166782772632,12.9
mutation_crossover,1,38,3900,15.510658931721967,0.7931513813584813,12.9
mutation_crossover,1,39,4000,15.62080935077054,0.8949553736388023,12.9
mutation_crossover,1,40,4100,15.590151507084327,0.9777313581360797,12.9
mutation_crossover,1,41,4200,15.575093784953365,0.8417876414823666,12.9
mutation_crossover,1,42,4300,15.512945423586187,0.8908189455053136,12.9
mutation_crossover,1,43,4400,15.414279222841554,0.926895074864442,12.9
mutation_crossover,1,44,4500,15.48811158414386,0.8316009915085034,12.9
mutation_crossover,1,45,4600,15.408027424938123,0.8225215622810573,12.9
mutation_crossover,1,46,4700,15.500582237196042,0.8325848184463172,12.9
mutation_crossover,1,47,4800,15.436607341498974,0.8491683734096623,12.9
mutation_crossover,1,48,4900,15.318857105044753,0.7922101523843672,12.9
mutation_crossover,1,49,5000,15.552388552892607,0.9516905545546416,12.9
mutation_crossover,1,50,5100,15.694244164610282,1.0190603715272277,12.9
mutation_crossover,2,0,100,20.629203275222288,0.8444515027963536,18.83390796058137
mutation_crossover,2,1,200,19.870809195158166,2.6119890830731234,16.07624151769984
mutation_crossover,2,2,300,18.119024580293207,1.9944405024704919,14.949545416973503
mutation_crossover,2,3,400,17.209689048016823,1.2495334950046735,14.949545416973503
mutation_crossover,2,4,500,16.700163254003442,0.9163606688232481,14.949545416973503
mutation_crossover,2,5,600,16.49535760771876,0.7279306139462646,14.949545416973503
mutation_crossover,2,6,700,16.325538044204535,0.7951240611112335,14.826549190084311
mutation_crossover,2,7,800,16.26954457689069,0.7871937965188145,14.428991560298224
mutation_crossover,2,8,900,16.199387435934163,0.7237624725482047,14.428991560298224
mutation_crossover,2,9,1000,16.17044087057742,0.7526493573020759,14.428991560298224
mutation_crossover,2,10,1100,16.094254689590194,0.7731592698545172,14.428991560298224
mutation_crossover,2,11,1200,15.919833075669649,0.7779407472802691,14.254723699099141
mutation_crossover,2,12,1300,15.93396051522588,0.7693742166446494,14.16227766016838
mutation_crossover,2,13,1400,16.191557057706902,0.9084162429730651,14.16227766016838
mutation_crossover,2,14,1500,16.074297116772474,0.8456166912586864,14.16227766016838
mutation_crossover,2,15,1600,15.987958958876204,0.635608878277252,14.16227766016838
mutation_crossover,2,16,1700,15.949266712345683,0.638325849571913,14.16227766016838
mutation_crossover,2,17,1800,16.016804289945814,0.6609996692325389,14.16227766016838
mutation_crossover,2,18,1900,16.080610803689982,0.8125511812706999,14.16227766016838
mutation_crossover,2,19,2000,16.030020593708212,0.930044219844776,14.16227766016838
mutation_crossover,2,20,2100,16.00196961707503,0.8579936703847799,13.967707825203131
mutation_crossover,2,21,2200,16.095435192677765,0.9401615839481815,13.967707825203131
mutation_crossover,2,22,2300,16.004480952809278,0.8653505163836938,13.967707825203131
mutation_crossover,2,23,2400,15.954982888972333,0.8448148128117227,13.967707825203131
mutation_crossover,2,24,2500,15.948426726004465,0.8825116503481312,13.96619037896906
mutation_crossover,2,25,2600,15.949935972717723,0.7748286946614423,13.814642819948224
mutation_crossover,2,26,2700,15.95503713585506,0.7813786113631671,13.635270009440731
mutation_crossover,2,27,2800,15.885662381664288,0.860441460520966,13.635270009440731
mutation_crossover,2,28,2900,15.8089986107862,0.8981249329473324,13.5494443758404
mutation_crossover,2,29,3000,15.702787868671486,0.7832356817247832,13.5494443758404
mutation_crossover,2,30,3100,15.652227987174179,0.777018785058685,13.5494443758404
mutation_crossover,2,31,3200,15.607240734398916,0.7557641757853705,13.5494443758404
mutation_crossover,2,32,3300,15.76250875245339,0.8740749176182904,13.5494443758404
mutation_crossover,2,33,3400,15.748810066233794,0.8627934870538171,13.5494443758404
mutation_crossover,2,34,3500,15.598727989948813,0.7048066107120096,13.5494443758404
mutation_crossover,2,35,3600,15.591329047510053,0.6792611222378154,13.5494443758404
mutation_crossover,2,36,3700,15.624515436946792,0.8368848092126859,13.5494443758404
mutation_crossover,2,37,3800,15.746294074863606,0.6769984925814914,13.5494443758404
mutation_crossover,2,38,3900,15.83051999657549,0.8743829345698355,13.5494443758404
mutation_crossover,2,39,4000,15.716175404282291,0.7312468353877821,13.5494443758404
mutation_crossover,2,40,4100,15.67413915221527,0.7210191329157304,13.5494443758404
mutation_crossover,2,41,4200,15.767291461082994,0.8574616000139408,13.5494443758404
mutation_crossover,2,42,4300,15.776599014276112,0.7545583205259129,13.5494443758404
mutation_crossover,2,43,4400,15.716306166484946,0.6215487453976023,13.5494443758404
mutation_crossover,2,44,4500,15.689283739919876,0.6688592048636668,13.5494443758404
mutation_crossover,2,45,4600,15.804927256436834,0.6220585096499298,13.5494443758404
mutation_crossover,2,46,4700,15.876329300761384,0.6670214211546144,13.5494443758404
mutation_crossover,2,47,4800,15.86687876179795,0.7564436372605221,13.5494443758404
mutation_crossover,2,48,4900,15.721254339212985,0.7134829979822821,13.5494443758404
mutation_crossover,2,49,5000,15.790772805103154,0.7571347018867565,13.5494443758404
mutation_crossover,2,50,5100,15.742585105131498,0.6181726611342928,13.5494443758404
mutation_crossover,3,0,100,20.787144770048453,0.9792709373670397,18.2
mutation_crossover,3,1,200,20.109765618066074,2.7874061787535362,14.673320053068151
mutation_crossover,3,2,300,18.461129118851776,2.40610130542506,14.673320053068151
mutation_crossover,3,3,400,16.95065889053996,1.092816867858307,14.488689042296102
mutation_crossover,3,4,500,16.706740803613183,0.9118331025685634,14.488689042296102
mutation_crossover,3,5,600,16.440289681195747,0.8167588782380135,14.488689042296102
mutation_crossover,3,6,700,16.251673307562925,0.7607247272063024,14.23238075793812
mutation_crossover,3,7,800,16.103840031638697,0.7982892906588818,14.23238075793812
mutation_crossover,3,8,900,15.947871795486371,0.8101820781616341,14.23238075793812
mutation_crossover,3,9,1000,16.004357162983194,0.8206354731317883,14.23238075793812
mutation_crossover,3,10,1100,15.861312539116348,0.7960826163170173,14.004834939252005
mutation_crossover,3,11,1200,15.75200943313356,0.7216428762468713,14.004834939252005
mutation_crossover,3,12,1300,16.00599924402388,1.04248905144234,14.004834939252005
mutation_crossover,3,13,1400,15.789945923470642,1.0002839447369736,13.9
mutation_crossover,3,14,1500,15.829089716972314,0.9381134728087224,13.2295630140987
mutation_crossover,3,15,1600,15.746364669746486,0.8753791547153948,13.2295630140987
mutation_crossover,3,16,1700,15.680115821298923,0.8031818314132985,13.2295630140987
mutation_crossover,3,17,1800,15.548258020411927,0.7222262052755548,13.2295630140987
mutation_crossover,3,18,1900,15.590576481968949,0.9226150841974617,13.2295630140987
mutation_crossover,3,19,2000,15.44350463700733,0.6956117270330824,13.2295630140987
mutation_crossover,3,20,2100,15.809953023969497,0.8967138196748666,13.2295630140987
mutation_crossover,3,21,2200,15.64088668785464,0.7196489486769613,13.2295630140987
mutation_crossover,3,22,2300,15.63752325313868,0.7729463279073412,13.2295630140987
mutation_crossover,3,23,2400,15.573124295678134,0.7035433217732329,13.2295630140987
mutation_crossover,3,24,2500,15.522560030429498,0.6736838291356329,13.2295630140987
mutation_crossover,3,25,2600,15.613042759912192,0.7721894177062291,13.2295630140987
mutation_crossover,3,26,2700,15.622554643438557,0.6655447272377345,13.2295630140987
mutation_crossover,3,27,2800,15.617350844353298,0.6996320025598087,13.2295630140987
mutation_crossover,3,28,2900,15.657201164944762,0.7779874345007949,13.2295630140987
mutation_crossover,3,29,3000,15.653442906619752,0.7087951417489793,13.2295630140987
mutation_crossover,3,30,3100,15.595456986155876,0.6846422108535674,13.2295630140987
mutation_crossover,3,31,3200,15.748448707419461,0.792458157583072,13.2295630140987
mutation_crossover,3,32,3300,15.647974908648894,0.8047711868151999,13.2295630140987
mutation_crossover,3,33,3400,15.590467861800002,0.7014095151282985,13.2295630140987
mutation_crossover,3,34,3500,15.72118892292837,0.8617499992950859,13.2295630140987
mutation_crossover,3,35,3600,15.603511799899916,0.7825900249348053,13.2295630140987
mutation_crossover,3,36,3700,15.627889337448071,0.8605521179263267,13.2295630140987
mutation_crossover,3,37,3800,15.700259891326336,0.8515383849870802,13.2295630140987
mutation_crossover,3,38,3900,15.632748703977722,0.8208915681613543,13.2295630140987
mutation_crossover,3,39,4000,15.596037271275437,0.6863995845150053,13.2295630140987
mutation_crossover,3,40,4100,15.71906952301821,0.7746072915570085,13.2295630140987
mutation_crossover,3,41,4200,15.819240031372138,0.7470624042787259,13.2295630140987
mutation_crossover,3,42,4300,15.877862349413036,0.8976686331744895,13.2295630140987
mutation_crossover,3,43,4400,15.923685842545765,0.8293493609353244,13.2295630140987
mutation_crossover,3,44,4500,15.828320704026934,0.8191475966400851,13.2295630140987
mutation_crossover,3,45,4600,15.912550144053089,0.7283753818994588,13.2295630140987
mutation_crossover,3,46,4700,15.80439772404436,0.7344077820338694,13.2295630140987
mutation_crossover,3,47,4800,15.91265538786591,0.8172729109189004,13.2295630140987
mutation_crossover,3,48,4900,15.822668343958837,0.7308352866735581,13.2295630140987
mutation_crossover,3,49,5000,15.819187363573063,0.7731562014386234,13.2295630140987
mutation_crossover,3,50,5100,15.701330909070421,0.8139864805484245,13.2295630140987
mutation_crossover,4,0,100,20.62285607058501,0.9788764107966168,17.880624847486573
mutation_crossover,4,1,200,19.8656166301998,2.3759860252796274,16.03792402008342
mutation_crossover,4,2,300,18.588889856460455,2.267439405372565,15.467491648096548
mutation_crossover,4,3,400,17.16085977055758,1.0694823299391756,15.080243893371346
mutation_crossover,4,4,500,16.726794863289566,0.9889444243186047,14.700000000000001
mutation_crossover,4,5,600,16.396208880365307,0.7958073333225006,14.700000000000001
mutation_crossover,4,6,700,16.28411057633204,0.6063667858320954,14.510589071449369
mutation_crossover,4,7,800,16.343440206879244,0.8323067040936565,14.316609194718914
mutation_crossover,4,8,900,16.17858412781823,0.639248111328872,14.316609194718914
mutation_crossover,4,9,1000,16.096953087401232,0.6992851964934146,14.316609194718914
mutation_crossover,4,10,1100,16.051621140368045,0.6922194934396936,14.316609194718914
mutation_crossover,4,11,1200,15.985772127552238,0.7338159388515813,14.316609194718914
mutation_crossover,4,12,1300,15.817957650627754,0.6973007832352061,14.316609194718914
mutation_crossover,4,13,1400,15.835964675138733,0.72192205624966,14.316609194718914
mutation_crossover,4,14,1500,16.06911768958767,0.8335921772531001,14.316609194718914
mutation_crossover,4,15,1600,15.997868979664842,0.6686855250921487,14.316609194718914
mutation_crossover,4,16,1700,16.12601066573477,0.7741405590477779,14.316609194718914
mutation_crossover,4,17,1800,16.139446069779154,0.7460504421264732,14.316609194718914
mutation_crossover,4,18,1900,16.062912710738274,0.6879703447651059,14.316609194718914
mutation_crossover,4,19,2000,16.13162226328355,0.7430287712601641,14.258317958127243
mutation_crossover,4,20,2100,16.111352416613187,0.7147002347919132,14.258317958127243
mutation_crossover,4,21,2200,16.191115763768575,0.8130316194866625,14.258317958127243
mutation_crossover,4,22,2300,16.283155666821745,0.7444533195004623,14.258317958127243
mutation_crossover,4,23,2400,16.204445657982582,0.8586762078226657,14.258317958127243
mutation_crossover,4,24,2500,16.209082805324982,0.6988965934798949,14.258317958127243
mutation_crossover,4,25,2600,16.125749075450287,0.8126849553831408,14.258317958127243
mutation_crossover,4,26,2700,16.029004366796382,0.8740144229022069,14.258317958127243
mutation_crossover,4,27,2800,16.01881775865062,0.8234056315775152,14.258317958127243
mutation_crossover,4,28,2900,16.053485600397483,0.9252826604950818,14.0494443758404
mutation_crossover,4,29,3000,16.08846228631905,0.7939435913937755,14.0494443758404
mutation_crossover,4,30,3100,15.975099614132462,0.876860695205885,13.82828568570857
mutation_crossover,4,31,3200,16.085596045912443,0.8958685648110145,13.82828568570857
mutation_crossover,4,32,3300,16.164404022767165,0.9468813498621165,13.573644135332772
mutation_crossover,4,33,3400,16.095758438263783,0.907677000010213,13.573644135332772
mutation_crossover,4,34,3500,15.85809388023631,0.7278615554172796,13.573644135332772
mutation_crossover,4,35,3600,16.005646447799936,0.8214713139365002,13.573644135332772
mutation_crossover,4,36,3700,16.224582551471535,0.9224379645661144,13.573644135332772
mutation_crossover,4,37,3800,16.26933482223528,1.0333212272349377,13.573644135332772
mutation_crossover,4,38,3900,16.010245284770598,0.8937457441879045,13.573644135332772
mutation_crossover,4,39,4000,15.99624319372165,0.8213359804754365,13.573644135332772
mutation_crossover,4,40,4100,16.066410484933304,0.7760564083182278,13.573644135332772
mutation_crossover,4,41,4200,16.158210242051215,0.9835173126967983,13.573644135332772
mutation_crossover,4,42,4300,15.986510558248419,0.8516411153168335,13.573644135332772
mutation_crossover,4,43,4400,16.181333333991148,0.8949693716046061,13.573644135332772
mutation_crossover,4,44,4500,16.132598746486416,0.7973108501388564,13.573644135332772
mutation_crossover,4,45,4600,16.272853475797483,0.7889197695459416,13.573644135332772
mutation_crossover,4,46,4700,16.13324193667062,0.7726094216143946,13.573644135332772
mutation_crossover,4,47,4800,16.12128944255761,0.8272086282489659,13.573644135332772
mutation_crossover,4,48,4900,16.108692999442766,0.7492714685528059,13.573644135332772
mutation_crossover,4,49,5000,16.022526610692104,0.7010873313056287,13.573644135332772
mutation_crossover,4,50,5100,16.086756194915914,0.7849112466009568,13.573644135332772
random_search,0,0,100,20.797298156446587,0.9663858374888888,18.72736184954957
random_search,0,1,200,20.863317073079724,1.0393077450105717,17.96619037896906
random_search,0,2,300,20.671141972485152,1.0704801968405622,17.96619037896906
random_search,0,3,400,20.828288481415903,1.1414365577222134,17.948331477354788
random_search,0,4,500,20.73524660498328,0.9355446062052394,17.948331477354788
random_search,0,5,600,20.7808038021011,1.0005265093283715,17.948331477354788
random_search,0,6,700,20.960038698690568,0.9195172985659108,17.948331477354788
random_search,0,7,800,20.80665368245296,0.9818756498016573,17.640967364599085
random_search,0,8,900,20.756202691406067,0.9235501927333715,17.640967364599085
random_search,0,9,1000,20.85856530752228,0.8478012295971453,17.640967364599085
random_search,0,10,1100,20.738761715134277,1.0523811505087386,17.640967364599085
random_search,0,11,1200,20.80363438442113,0.9958405278811052,17.640967364599085
random_search,0,12,1300,20.785583750534357,1.0071142253339163,17.640967364599085
random_search,0,13,1400,20.824175596155875,1.0523178897863437,17.634846922834953
random_search,0,14,1500,20.731442807866674,0.9884868996741061,17.634846922834953
random_search,0,15,1600,20.972838979133304,1.0620356886316147,17.634846922834953
random_search,0,16,1700,20.916043888955077,1.134874978739955,17.634846922834953
random_search,0,17,1800,20.800614890862217,1.0430525236585508,16.683095189484533
random_search,0,18,1900,20.763506098669936,0.9818969284887189,16.683095189484533
random_search,0,19,2000,20.843750615645018,0.9982881104463397,16.683095189484533
random_search,0,20,2100,20.915415757391173,1.035913212334643,16.683095189484533
random_search,0,21,2200,20.83688281735775,0.9420661535257832,16.683095189484533
random_search,0,22,2300,20.845866504076756,1.0192001724285003,16.683095189484533
random_search,0,23,2400,20.74293146848652,1.0203746627337433,16.683095189484533
random_search,0,24,2500,20.847869986557903,1.0367262581083356,16.683095189484533
random_search,0,25,2600,20.621939741229657,1.047693404537534,16.683095189484533
random_search,0,26,2700,20.81679251965203,1.0117796358228348,16.683095189484533
random_search,0,27,2800,20.88509835952363,0.9712256045110474,16.683095189484533
random_search,0,28,2900,20.937230234043472,0.9965876925722572,16.683095189484533
random_search,0,29,3000,20.74810737747818,0.9701933096978751,16.683095189484533
random_search,0,30,3100,20.802628586365003,1.0627521506614173,16.683095189484533
random_search,0,31,3200,20.700818602785976,0.9758532389659602,16.683095189484533
random_search,0,32,3300,20.921621317017237,1.0239025643666835,16.683095189484533
random_search,0,33,3400,20.806471800657697,1.018409461531282,16.683095189484533
random_search,0,34,3500,20.75954966798155,1.0669333151972333,16.683095189484533
random_search,0,35,3600,20.78312200555594,1.0139217603164776,16.683095189484533
random_search,0,36,3700,20.75166117435112,1.014953407830895,16.683095189484533
random_search,0,37,3800,20.939804393731876,1.0570498003582618,16.683095189484533
random_search,0,38,3900,20.76482179041321,1.0225614433515333,16.683095189484533
random_search,0,39,4000,20.803160959337706,0.9157830467659289,16.683095189484533
random_search,0,40,4100,20.90765320437363,0.9461306901410091,16.683095189484533
random_search,0,41,4200,20.783161661234914,1.0610169092233253,16.683095189484533
random_search,0,42,4300,20.788442400888393,1.0675124107760237,16.683095189484533
random_search,0,43,4400,21.0149873745507,0.941743645299118,16.683095189484533
random_search,0,44,4500,20.877820099877876,1.1129256535993977,16.683095189484533
random_search,0,45,4600,20.71934736816741,1.0701148706356645,16.683095189484533
random_search,0,46,4700,20.876337766730817,0.8853868355969676,16.683095189484533
random_search,0,47,4800,20.644428679703452,1.0821794737730077,16.683095189484533
random_search,0,48,4900,20.911023325486898,0.9087870512551682,16.683095189484533
random_search,0,49,5000,20.792194806758893,0.9920047556472608,16.683095189484533
random_search,0,50,5100,20.77808139875061,1.0633442199158605,16.683095189484533
random_search,1,0,100,20.880490305213378,1.0861954924259782,18.456465996625056
random_search,1,1,200,20.83314513838533,1.1195357309816139,17.316227766016837
random_search,1,2,300,20.963264382744196,1.1823702401452036,17.316227766016837
random_search,1,3,400,21.01374148695871,0.91158911234213,17.316227766016837
random_search,1,4,500,20.821954168957294,1.030788347005389,17.316227766016837
random_search,1,5,600,20.790612057887024,0.9385243428563003,17.316227766016837
random_search,1,6,700,20.79132844788106,0.960244172657415,17.316227766016837
random_search,1,7,800,20.863319246940655,1.0062330669050592,17.316227766016837
random_search,1,8,900,20.688578819753875,1.0096105384015557,17.316227766016837
random_search,1,9,1000,20.893590703591414,1.0886977387890733,17.316227766016837
random_search,1,10,1100,20.802743016734922,1.0531999413984263,17.316227766016837
random_search,1,11,1200,20.83399505620386,1.0341479790263435,17.316227766016837
random_search,1,12,1300,20.756898164209474,1.0206211217557786,17.316227766016837
random_search,1,13,1400,20.697463116182075,1.0392003258221885,17.316227766016837
random_search,1,14,1500,20.762061793436477,0.9675886523373789,17.316227766016837
random_search,1,15,1600,20.724143273785455,1.1508795469861797,17.316227766016837
random_search,1,16,1700,20.837317386407754,1.0989010527199836,17.316227766016837
random_search,1,17,1800,20.63503253622638,0.9134387023401352,17.316227766016837
random_search,1,18,1900,20.56950613527782,1.0735412180113577,17.316227766016837
random_search,1,19,2000,20.888683872399056,1.1077646865872226,16.978232998312528
random_search,1,20,2100,20.794582479945888,0.9645515039805015,16.978232998312528
random_search,1,21,2200,20.955193832438628,0.9994129196886499,16.978232998312528
random_search,1,22,2300,20.756563922415058,1.0273605460420938,16.978232998312528
random_search,1,23,2400,20.879646744669778,0.91452021366187,16.978232998312528
random_search,1,24,2500,20.874331878056623,1.0439170171231684,16.978232998312528
random_search,1,25,2600,20.91839610938886,0.9231865009284744,16.978232998312528
random_search,1,26,2700,20.896615181964815,0.9976935693558666,16.978232998312528
random_search,1,27,2800,20.757017014821503,0.9686100845587821,16.978232998312528
random_search,1,28,2900,20.80847135266592,1.0010721794324553,16.978232998312528
random_search,1,29,3000,20.84249366185527,1.0120711186912383,16.978232998312528
random_search,1,30,3100,20.738185326034614,0.9282452183204377,16.978232998312528
random_search,1,31,3200,20.616050042131732,0.9953772191498693,16.978232998312528
random_search,1,32,3300,20.802773528742996,0.9498101228485933,16.978232998312528
random_search,1,33,3400,20.79510796522376,1.0155728561588986,16.978232998312528
random_search,1,34,3500,20.787995885482637,1.0276418108394572,16.978232998312528
random_search,1,35,3600,21.008393647976945,1.069213190407225,16.978232998312528
random_search,1,36,3700,20.823112511331015,1.107521372744813,16.978232998312528
random_search,1,37,3800,20.937810649674166,1.02476732838393,16.978232998312528
random_search,1,38,3900,20.87188275246594,0.9663450108150383,16.978232998312528
random_search,1,39,4000,20.794177874923765,1.1236457836714895,16.978232998312528
random_search,1,40,4100,20.726173933747063,1.1526133585775427,16.978232998312528
random_search,1,41,4200,20.973506069433274,1.0817819070359387,16.978232998312528
random_search,1,42,4300,20.842158204506205,1.0444559034823604,16.978232998312528
random_search,1,43,4400,20.83440715222819,1.0713026053423373,16.978232998312528
random_search,1,44,4500,20.854654621931953,1.0592350111022935,16.978232998312528
random_search,1,45,4600,20.582468329362925,0.9665247887332588,16.978232998312528
random_search,1,46,4700,20.86538614427829,1.0884371186755213,16.978232998312528
random_search,1,47,4800,20.814843217738144,0.9641792914510219,16.978232998312528
random_search,1,48,4900,20.766232430705795,0.9961540508770289,16.978232998312528
random_search,1,49,5000,20.885186212538887,1.0223330166439495,16.978232998312528
random_search,1,50,5100,20.743760922676564,1.0399598053487689,16.978232998312528
random_search,2,0,100,20.629203275222288,0.8444515027963536,18.83390796058137
random_search,2,1,200,20.888326277787066,1.107213605565996,18.013552872566002
random_search,2,2,300,20.744786491019514,0.8790588232181455,18.013552872566002
random_search,2,3,400,20.890122128967963,0.9811105959898211,18.013552872566002
random_search,2,4,500,20.966879487350717,0.9938569766915113,18.013552872566002
random_search,2,5,600,20.925704122153974,0.985465611583781,18.013552872566002
random_search,2,6,700,20.695187612496515,0.979465633327784,17.50830459735946
random_search,2,7,800,21.036848809635398,1.1033842523684694,17.50830459735946
random_search,2,8,900,20.77465489715371,1.0541005095528118,17.50830459735946
random_search,2,9,1000,20.7397591034233,1.0498019246127466,17.50830459735946
random_search,2,10,1100,20.68969474552573,1.1028760252219765,17.50830459735946
random_search,2,11,1200,20.649381511264085,0.9680868909823485,17.50830459735946
random_search,2,12,1300,20.616858414233675,1.0015113347614077,17.50830459735946
random_search,2,13,1400,20.856447852820192,1.0113280445528794,17.50830459735946
random_search,2,14,1500,20.883370193142188,1.029617971589186,17.50830459735946
random_search,2,15,1600,20.754709498712096,0.9895470429367932,17.50830459735946
random_search,2,16,1700,20.70298203186556,1.0344554172209437,17.50830459735946
random_search,2,17,1800,20.781352253227638,0.9656909824279446,17.50830459735946
random_search,2,18,1900,20.800985036442597,1.0123396605255133,17.112403840463596
random_search,2,19,2000,20.760753335377856,1.0336046204772833,17.112403840463596
random_search,2,20,2100,20.73683140745355,0.9793591433906339,17.112403840463596
random_search,2,21,2200,20.764042257256516,1.0298323134824263,17.112403840463596
random_search,2,22,2300,20.91712299622957,1.168676337379062,17.112403840463596
random_search,2,23,2400,20.96741326913285,1.0073819397822883,17.112403840463596
random_search,2,24,2500,20.790898316771457,1.018179420269228,17.112403840463596
random_search,2,25,2600,20.8484076605228,1.0502775861270517,17.112403840463596
random_search,2,26,2700,20.74495273481417,0.9343845634450021,17.112403840463596
random_search,2,27,2800,20.703391057608396,1.0673277816262758,17.112403840463596
random_search,2,28,2900,20.77095852947058,1.0054921723419834,17.112403840463596
random_search,2,29,3000,20.69841472686124,1.0608262695651767,17.112403840463596
random_search,2,30,3100,20.644449759665576,0.9911981615710306,17.112403840463596
random_search,2,31,3200,20.894945148246762,0.9836531583406128,17.112403840463596
random_search,2,32,3300,20.819079614893045,1.0217421164345735,17.112403840463596
random_search,2,33,3400,20.854530631283087,1.0947490156745523,17.112403840463596
random_search,2,34,3500,20.813481570425036,1.0805124384802112,17.112403840463596
random_search,2,35,3600,20.690887452785063,0.8369539167935581,17.112403840463596
random_search,2,36,3700,20.849528375303684,1.0216548194290014,17.112403840463596
random_search,2,37,3800,20.77115094663361,1.1159667463403666,17.112403840463596
random_search,2,38,3900,20.8241028759625,1.0914488131039746,17.112403840463596
random_search,2,39,4000,20.712322673723314,1.1015256404099028,17.112403840463596
random_search,2,40,4100,20.8421989759572,1.1838354135146736,17.112403840463596
random_search,2,41,4200,20.65020895822797,1.0901613560758494,17.112403840463596
random_search,2,42,4300,20.68442766848276,1.015391519506326,17.112403840463596
random_search,2,43,4400,20.95102324513908,1.106835542919758,17.112403840463596
random_search,2,44,4500,20.77700606045338,1.104477447888131,17.112403840463596
random_search,2,45,4600,20.755785196577104,0.9790254013346419,17.112403840463596
random_search,2,46,4700,20.766234910883604,0.9535340158084623,17.112403840463596
random_search,2,47,4800,20.789779080506666,1.0622865667997001,17.112403840463596
random_search,2,48,4900,20.93522181655257,1.0184531508749792,17.112403840463596
random_search,2,49,5000,20.822365900462238,0.9469370784815703,17.112403840463596
random_search,2,50,5100,20.827609001304992,0.9112312657716563,17.112403840463596
random_search,3,0,100,20.787144770048453,0.9792709373670397,18.2
random_search,3,1,200,20.87644833978608,1.008225608689091,17.8295630140987
random_search,3,2,300,20.779993678885127,1.0902663173950633,17.8295630140987
random_search,3,3,400,20.689633608153958,1.1497003499034306,17.8295630140987
random_search,3,4,500,20.69237082564315,1.036979131259756,17.8295630140987
random_search,3,5,600,20.90949223743874,0.8366832044213345,17.8295630140987
random_search,3,6,700,20.864222731708264,1.0582144709739902,17.8295630140987
random_search,3,7,800,21.102065996178293,1.0620622892528804,17.8295630140987
random_search,3,8,900,20.76461495068018,0.9994131910552327,17.8295630140987
random_search,3,9,1000,20.796854467686625,1.0157831607571253,17.8295630140987
random_search,3,10,1100,20.82077998059195,0.9686648961858317,17.8295630140987
random_search,3,11,1200,20.906469851917123,0.946838986155327,17.8295630140987
random_search,3,12,1300,20.900437804459308,0.8511194704126752,17.8295630140987
random_search,3,13,1400,20.71874074618245,1.0207686679552066,17.8295630140987
random_search,3,14,1500,20.867749885554353,1.0534800281870733,17.8295630140987
random_search,3,15,1600,20.8814288649455,1.025307477128321,17.8295630140987
random_search,3,16,1700,20.78317140052335,0.8990393320558114,17.8295630140987
random_search,3,17,1800,20.838683558385465,0.9729221535482613,17.769693845669906
random_search,3,18,1900,20.754823775696586,0.9609125769156457,17.769693845669906
random_search,3,19,2000,20.869160413966533,1.156685292950947,17.51657508881031
random_search,3,20,2100,20.908475639037658,0.9861115823207581,17.51657508881031
random_search,3,21,2200,20.90901666236448,1.018632741946755,17.51657508881031
random_search,3,22,2300,20.664559420937994,0.985849495525789,17.51657508881031
random_search,3,23,2400,20.92001721321804,0.9933834622603778,17.51657508881031
random_search,3,24,2500,20.893730085182845,0.9960876581859615,17.51657508881031
random_search,3,25,2600,20.854841763146823,1.0913192257352573,17.51657508881031
random_search,3,26,2700,20.691931842679004,1.1020626826419846,17.51657508881031
random_search,3,27,2800,20.834040428123807,0.9640311145706248,17.51657508881031
random_search,3,28,2900,20.74880596197243,1.0688178133167574,17.51657508881031
random_search,3,29,3000,20.737848519686818,1.0560621445490264,17.51657508881031
random_search,3,30,3100,20.787281387862734,1.0286927103713361,17.51657508881031
random_search,3,31,3200,20.704196167930462,1.0252634861848406,17.51657508881031
random_search,3,32,3300,20.736819626266456,0.9198344340973467,17.51657508881031
random_search,3,33,3400,20.84874272983859,0.9788887083475761,17.51657508881031
random_search,3,34,3500,20.717303455068087,1.013516627769104,17.207106781186546
random_search,3,35,3600,20.814403050313025,1.155067207715241,17.207106781186546
random_search,3,36,3700,20.80405480519153,0.9526267742250163,17.207106781186546
random_search,3,37,3800,21.13678663938669,0.9873177422125009,17.207106781186546
random_search,3,38,3900,20.772963298291703,1.0095720423022156,17.207106781186546
random_search,3,39,4000,20.828827455647218,0.9847681000384314,17.207106781186546
random_search,3,40,4100,20.73657468396022,1.0519834727481796,17.207106781186546
random_search,3,41,4200,20.686586454166026,0.9458814139094336,17.207106781186546
random_search,3,42,4300,20.80867470790853,0.9741949105065156,17.207106781186546
random_search,3,43,4400,20.87054549036981,1.1546953706344372,17.207106781186546
random_search,3,44,4500,20.680003703455686,0.9413400235355603,17.207106781186546
random_search,3,45,4600,20.71366388321512,0.9814840145932273,17.207106781186546
random_search,3,46,4700,20.945739484225506,0.9924932200956392,17.207106781186546
random_search,3,47,4800,20.65865705002077,1.1308713269844888,17.207106781186546
random_search,3,48,4900,20.685619777566238,0.9689505996557664,17.207106781186546
random_search,3,49,5000,20.91258637092541,1.0296743800081372,17.207106781186546
random_search,3,50,5100,20.918932599857104,1.029306768683471,17.207106781186546
random_search,4,0,100,20.62285607058501,0.9788764107966168,17.880624847486573
random_search,4,1,200,20.900602930370777,0.9511573287649842,17.880624847486573
random_search,4,2,300,20.789398552431898,1.122543597840936,17.880624847486573
random_search,4,3,400,20.862898049686134,1.159460178937448,17.880624847486573
random_search,4,4,500,20.77307307589594,1.0527040274848432,17.880624847486573
random_search,4,5,600,20.74759229988235,0.9814695215263771,17.880624847486573
random_search,4,6,700,20.695016628896223,0.9259491782054871,17.880624847486573
random_search,4,7,800,20.74779825547702,1.042220356176009,17.880624847486573
random_search,4,8,900,20.900333512139337,1.0584066559888854,17.822497216032183
random_search,4,9,1000,20.993999349846778,1.0160217797446653,17.822497216032183
random_search,4,10,1100,20.7849620211616,0.9717240345541659,17.822497216032183
random_search,4,11,1200,20.843282070765476,1.0274550973316474,17.822497216032183
random_search,4,12,1300,20.78044428123097,0.9446865768102225,17.54494897427832
random_search,4,13,1400,20.742031530842166,0.9459045803528388,17.54494897427832
random_search,4,14,1500,20.941681103292105,1.023881146098473,17.54494897427832
random_search,4,15,1600,20.848813453113166,1.021161644485745,17.54494897427832
random_search,4,16,1700,20.55824475697697,0.9595283668189845,17.54494897427832
random_search,4,17,1800,20.735333801905163,1.0023971884878657,17.54494897427832
random_search,4,18,1900,20.764293989241438,0.9964577092543383,17.54494897427832
random_search,4,19,2000,20.842744793042556,1.0106185930928226,17.54494897427832
random_search,4,20,2100,20.84075436684961,1.0895394898216229,17.54494897427832
random_search,4,21,2200,20.82695413705627,1.0423768226216361,17.54494897427832
random_search,4,22,2300,20.752414304315668,1.0678040935613475,17.369535971483266
random_search,4,23,2400,20.88137626526678,0.9357511828999908,17.369535971483266
random_search,4,24,2500,20.705272980850033,1.0359128068047885,17.369535971483266
random_search,4,25,2600,20.783529794305764,1.1028925843445943,17.369535971483266
random_search,4,26,2700,20.845147504832052,1.0463869524207678,17.369535971483266
random_search,4,27,2800,20.846855103398255,1.1209036639684027,17.369535971483266
random_search,4,28,2900,20.67472407170706,0.9991908231830968,17.369535971483266
random_search,4,29,3000,20.553617763051957,1.1467898644393342,17.369535971483266
random_search,4,30,3100,20.79612094564725,1.0458339675686932,17.369535971483266
random_search,4,31,3200,20.731408345303453,0.9793948167735557,17.369535971483266
random_search,4,32,3300,20.697802352211806,0.9626963284561377,17.369535971483266
random_search,4,33,3400,20.843564305386817,0.9950253121437161,17.369535971483266
random_search,4,34,3500,20.847526941096692,0.9367534567069372,17.369535971483266
random_search,4,35,3600,20.75428931680082,1.141839259341276,17.369535971483266
random_search,4,36,3700,20.720236505411876,1.010746893093821,17.369535971483266
random_search,4,37,3800,20.87513287805773,0.9900486323394639,17.369535971483266
random_search,4,38,3900,20.776390226101867,0.9866977001230699,17.369535971483266
random_search,4,39,4000,20.84866835295843,1.0166305253240497,17.369535971483266
random_search,4,40,4100,20.874199087730013,1.0110782448969715,17.30990195135928
random_search,4,41,4200,20.717806768346573,0.839829363617392,17.30990195135928
random_search,4,42,4300,20.90277075825151,0.9729743260916799,17.30990195135928
random_search,4,43,4400,21.029426849016822,0.8970155888156307,17.30990195135928
random_search,4,44,4500,20.970857570550965,1.0807184787995405,17.30990195135928
random_search,4,45,4600,20.824278836850198,0.8652104069234123,17.30990195135928
random_search,4,46,4700,20.914453097238738,0.9990927936171231,17.30990195135928
random_search,4,47,4800,20.64376746269049,0.9536115900738131,17.30990195135928
random_search,4,48,4900,20.678909751237796,0.9998821125756441,17.30990195135928
random_search,4,49,5000,20.91343796093638,1.0333378731584633,17.30990195135928
random_search,4,50,5100,20.711445946502113,1.1280051713257329,17.30990195135928
