generation,evals_used,best_fitness,mean_fitness,std_fitness,sigma,condition_number,wall_time_s
1,18,-0.38259781235665624,0.11518889900638933,0.34451764319435857,0.4837797891668289,1.0171785285685675,40.670418167021126
2,36,-0.7699268180721406,-0.03455137108887074,0.26875497147487165,0.4700539940938278,1.0181118688441522,77.26147395907901
3,54,-0.19933778974491734,-0.011967226337776408,0.11276871778288287,0.4579703602368518,1.0188022873123832,117.07862216699868
4,72,-0.3689014649119873,0.02876220256890052,0.1767331512362921,0.448698171778754,1.0214334054386665,155.73495112499222
5,90,-0.2610122079441295,0.03066877863516959,0.1602777891757294,0.4414393648979576,1.026509604967955,192.25534083414823
6,108,-0.6028197055944613,-0.005993941736442792,0.24803872290886805,0.43455050013400875,1.029359918712407,229.275789125124
7,126,-0.7794404413511717,-0.1053383741782474,0.24479802642320048,0.42897245787740496,1.0328140467904796,267.3389896249864
8,144,-0.8169191113094003,-0.06820887523702342,0.2182795352169026,0.4238427240853222,1.0365140704555704,302.89482037513517
9,162,-0.27887636882504907,-0.01551950344225814,0.13904604456498076,0.4206770467048302,1.0425005870728317,338.20280604204163
10,180,-1.0380229779838146,-0.1885945327578649,0.3708270760879747,0.4178485584471091,1.0480594697047654,372.9307554170955
11,198,-0.44653504624885265,-0.058106583369143795,0.14836618126673334,0.4149849667180941,1.0544115946485486,407.5955935420934
12,216,-0.7183092567656679,0.00674002223491188,0.2760217553659636,0.41279575550979647,1.0609613656659254,442.56487862509675
13,234,-0.333565331657649,0.0721016102337174,0.19651993820922362,0.4115274142674472,1.068775577574909,478.35717525007203
14,252,-0.5257683792898744,-0.06597666107217925,0.2238364910888984,0.4107628514011283,1.0766786856638462,513.9008309999481
15,270,-1.00143355649461,-0.018027905683511165,0.32516046638782464,0.41051176998748296,1.0854499905769548,551.2830453750212
16,288,-0.6692426823803723,0.012182246135907201,0.30883343725298984,0.4107420969382678,1.0949728223368191,586.7159935000818
17,306,-0.9214039050557288,0.06054555241602003,0.3407302279736549,0.4113604537263982,1.1048547634171504,622.2151241251267
18,324,-0.5292285987067844,-0.04377838989013277,0.325951985959596,0.41135048397607643,1.1145510984699547,657.985285416944
19,342,-0.6094637602659061,-0.06963955687109931,0.21276023202545402,0.4111332845501459,1.123675746980783,692.5687810420059
20,360,-0.5518544053370062,-0.027120891521723686,0.21378241913877793,0.41083839101763037,1.1331153876392033,728.3062355839647
21,378,-0.2887906008857204,-0.0387410494540652,0.1723288275352479,0.40985959892512025,1.1413408115755366,764.0303285841364
22,396,-1.3297258449206737,-0.1063223374196593,0.42105400452914127,0.40931917155718667,1.150510451869371,800.5045069169719
23,414,-0.5089433412173285,-0.12999316025719385,0.2099630135698289,0.4089486366876373,1.1599510312124732,835.7488174589816
24,432,-0.555630185289532,-0.07155875567050243,0.23470001620230924,0.40884508172808226,1.1695851519511906,871.4351744591258
25,450,-1.0277706147557932,-0.17436530238792886,0.3244027382892487,0.4084278380273925,1.1789665489648806,907.4636532091536
26,468,-0.9425054433621138,0.00802202425242942,0.332449774220168,0.4091936451952278,1.1901344036002577,943.8624340000097
27,486,-0.8600597508626251,-0.19183241773798906,0.30630361693138225,0.40981900494514506,1.1999278073495738,979.0400132921059
28,504,-0.5011444939211689,-0.1908319993688787,0.20082922631392297,0.4100563951406812,1.2097990889087624,1014.5960981671233
29,522,-0.7712509394321074,-0.24678528164866526,0.2945796107399533,0.4101433738652714,1.2196668613603447,1049.9289905419573
30,540,-0.7031237612997971,-0.26193815549696103,0.26736114565998215,0.4091733111725316,1.2283956210922704,1087.0255418750457
31,558,-0.48563099146710265,-0.20913047672736898,0.20841947300345962,0.4076209089982329,1.236418859957698,1121.825162375113
32,576,-0.8060339971713484,-0.3937156543243002,0.3094736453036305,0.4062274682040466,1.2446197741327736,1157.2364666671492
33,594,-1.194128799010957,0.2055449351145214,2.3978137357470213,0.4051104658825723,1.2528706856182232,1193.384304709034
34,612,-1.0121608702827185,-0.43397991960497867,0.4166243440975704,0.40350028965696594,1.2601648678206192,1229.0578539590351
35,630,-0.9863794038677645,0.3350352423864218,2.3677402629747633,0.4017857425866556,1.2676866073643325,1265.4369012089446
36,648,-1.239823804155491,-0.00044171650412833726,2.4634195662946126,0.40047055955790056,1.2754359706043414,1302.0863847089931
37,666,-1.3702098420326285,-0.6456597449607335,0.39249120619542527,0.39950548587302603,1.2829834737867294,1338.5911344171036
38,684,-1.3259781076718102,-0.4151497335879717,0.4105145786546685,0.3991760991399455,1.2908778434803176,1371.8860840420239
39,702,-1.460832544993064,-0.3015765460109311,0.43517124067638485,0.39786832931918764,1.2978430770257343,1404.1719369171187
40,720,-0.9352525120602877,-0.3294788562348178,0.3415727476104464,0.39623351477921437,1.3040966551859108,1435.3179971671198
41,738,-1.2925840594098084,-0.49098691401827843,0.5549592065381592,0.39392872485813873,1.309460849816588,1467.49159083399
42,756,-1.2098029921002018,0.11898361713274103,2.4236846690361564,0.3919898904151733,1.3146972907004781,1498.3770169999916
43,774,-1.0413691736143562,-0.3419492513065532,0.4155265085402033,0.39025607718522703,1.3200867040583146,1529.2003379589878
44,792,-1.1341800254012373,-0.3727103742797407,0.42408963206529965,0.38883664028666687,1.326567192491545,1560.3822057091165
45,810,-1.3978597750981798,0.7926367583421068,3.292013618461433,0.38730401422673644,1.3324581438569647,1590.9771346249618
46,828,-1.3596511696015368,-0.4763229331836248,0.52557908675477,0.38599516079097446,1.3382767564149265,1621.7749292091466
47,846,-1.2238047886045784,-0.3260411008282291,0.45002998897481244,0.3848510271153713,1.34600087613872,1653.311954292003
48,864,-1.029832203161786,-0.14032081806444807,0.3603496037370223,0.3834765262704314,1.3527789257759788,1685.2539091249928
49,882,-1.0527737854112775,-0.26957931612639635,0.34060401892255604,0.3819356244976333,1.360284344820273,1723.652414167067
50,900,-1.237783325980299,-0.5301455166051182,0.3991018282758915,0.3798318216750548,1.3668864158367489,1760.5765708750114
51,918,-1.1798007129018817,-0.2302282787114493,0.38504166451966704,0.37799701530867297,1.3740852469688092,1797.208151417086
52,936,-1.3597748156194465,-0.41648675925360484,0.4498571238272569,0.37564952166560056,1.3811520914507844,1834.5393277921248
53,954,-0.9648750827343449,-0.4008162687721108,0.33849345688106897,0.37351408951448917,1.3879893755087254,1871.4398635420948
54,972,-1.3202361803426976,0.31297050654824643,2.4087753703207397,0.37171351338599007,1.3939958419058474,1908.7760086250491
55,990,-1.2783493926452643,-0.4836033939274275,0.4235288343622352,0.37042748872770914,1.4000364518174266,1946.0043623750098
56,1008,-1.1395665808165036,-0.706104102758302,0.3838262525859239,0.36926653310496155,1.4060003860473402,1982.7984449591022
57,1026,-0.9228441740496871,0.06680509381998813,2.4256683350582784,0.3676393139676649,1.411206326964962,2018.7737640000414
58,1044,-1.1755752280752816,-0.5565104023051725,0.34074193619253673,0.36551312672040936,1.4161704552156869,2055.2906345000956
59,1062,-1.5896656904247877,-0.6853330377569201,0.44758858365966847,0.3642155057898504,1.4218694743415428,2092.204944500001
60,1080,-1.3957760475645715,-0.8078783049260189,0.35446803177263747,0.36384210111964654,1.4273849858743686,2128.499439541949
61,1098,-1.4561228026457158,-0.15167649201877975,2.5009957425496365,0.3641756874051433,1.4334506625187684,2164.250692208996
62,1116,-1.4777847728030329,0.5839620283133404,3.366515258995245,0.3644531351574952,1.4396279987284262,2199.773095499957
63,1134,-1.2491216448454345,-0.7810358531018537,0.26266738515776644,0.36439637771116007,1.4476734132667877,2234.629792541964
64,1152,-1.5528298143406847,-0.47137052059853585,0.47481111681801264,0.36352151632321583,1.4542382004641206,2270.3912860001437
65,1170,-1.5727121887222628,-0.6074141494914636,0.5157259074797742,0.36399255129788793,1.460264200046762,2305.6879625839647
66,1188,-1.3787173745428136,1.0618352323889457,4.030324531912489,0.363882208829599,1.4663119688367907,2340.19071229198
67,1206,-1.5767838698144887,-1.03810782690046,0.4127559001841401,0.3642782014250232,1.472249067331485,2375.7305135841016
68,1224,-1.5725400260612128,0.2879673768051543,3.4514322794283863,0.3642327693722661,1.4780896450244472,2410.3570489590056
69,1242,-1.6280781496070293,-0.9599133383772716,0.30730814700104087,0.36431684656657837,1.4834794530611957,2445.5720518340822
70,1260,-1.5718070558437915,-0.9952118465140428,0.4632529916397853,0.36493785738943796,1.4885593949477007,2480.7037149169482
71,1278,-1.6197790286302904,-0.3380921532187908,2.5627563502215374,0.3653553218507573,1.4928562011630164,2516.2907859999686
72,1296,-1.5895952031290754,0.41635670447391526,3.406498449150788,0.3657323485713111,1.4972774323308717,2551.202859084122
73,1314,-1.6520862998841634,0.18360903946513535,3.5003583339508078,0.36623763086374705,1.5017405949422369,2587.774035874987
74,1332,-1.5294172163560864,1.6025768919437868,4.514422532697608,0.36658773282956464,1.506643459341914,2623.8981939170044
75,1350,-1.4348437918578894,0.14559505343031112,3.5002117263710426,0.36622946055199296,1.511516586548001,2660.671402334003
76,1368,-1.647767593715903,-0.005638896297361868,3.5514672747454106,0.36708183897599733,1.516752571845987,2700.2707389169373
77,1386,-1.7104926601778976,-0.017323674352593618,3.5581856329914427,0.36855603521591596,1.5235306050391588,2744.210017542122
78,1404,-1.6847058826396646,0.6787882655689622,4.178152043885771,0.3705385166652149,1.5298409184337918,2782.8099154590163
79,1422,-1.3749045674832114,-0.009566877327480454,2.491524797746574,0.37134748533180933,1.5366111627676744,2817.254158125026
80,1440,-1.542454966331805,1.9867913158773303,4.982757646952075,0.37305975410511105,1.5442907993275035,2852.2799854171462
81,1458,-1.752570186449117,0.03409320116590643,3.5411887136309774,0.3745432297508899,1.5515380845454658,2889.7903889999725
82,1476,-1.5041078707768722,2.6872048760013842,5.183285376690116,0.37633040845874605,1.5603094504657171,2924.218198708957
83,1494,-1.6040169291658817,0.7384161550150117,4.154527201943938,0.3775583885464183,1.5681244965534382,2960.2978730001487
84,1512,-1.5291695231485756,-1.0905439559712695,0.5759146727722008,0.378806129757514,1.5760103769304867,2997.7625797090586
85,1530,-1.6216562164223367,-1.1584391689816802,0.3487757096934847,0.38027844881947864,1.583692179714868,3034.8170737090986
86,1548,-1.6665615711324913,-0.7055941198268277,2.6109961688968775,0.38097012248405787,1.5910176688955302,3072.997037583962
87,1566,-1.7377438268983916,0.055996244842802315,3.5392268708145487,0.3819505922289088,1.5995351731622283,3110.809694792144
88,1584,-1.7233721543414475,-1.2732847490349934,0.3321617564924285,0.38270342847044,1.6075921506785238,3149.9365332089365
89,1602,-1.6729196805385573,0.09853563379877366,3.5196230402330686,0.38387548966687135,1.6159273789448954,3188.342555917101
90,1620,-1.723486698286325,1.0865259226556316,4.7682042323168625,0.38398570371739355,1.623100799702273,3227.091732125031
91,1638,-1.806664926544165,-0.8105178236005638,2.6370018950227694,0.38326424815747256,1.6303429536977216,3267.189027708955
92,1656,-1.6241179958867917,-0.6208025099072351,2.609552274509625,0.38196289793091204,1.636529233082065,3305.6210837501567
93,1674,-1.6132860478728608,0.15597452117883398,3.5110605565116035,0.38087559111545305,1.6426143207774395,3344.249936667038
94,1692,-1.909593485899701,0.6052705247127685,4.212307279783316,0.380201919291646,1.6490320757201133,3381.847756042145
95,1710,-1.6497222355251617,-0.03496599197418683,3.567417510145844,0.3798856010076206,1.6553436885945414,3419.816217500018
96,1728,-1.669462407658517,0.7310133103329585,4.183542523280444,0.37919954684856233,1.6632638095272816,3455.913520250004
97,1746,-1.7860021527197079,-1.2783978698593748,0.44296983859542793,0.3793580461313772,1.6716800841432062,3493.3055632920004
98,1764,-1.6107233618315444,0.045694566846949204,3.5390595177622775,0.3797403381568275,1.679184634847758,3529.8410952501
99,1782,-1.618369489038514,2.5668253914374066,5.264419541528139,0.3796384110924866,1.686195418731905,3565.8868480420206
100,1800,-1.529525177295187,-0.45949717839872395,2.5745656158717964,0.3792436334865076,1.6924836671767323,3597.4863986249547
101,1818,-1.596120695681055,1.3439316479321868,4.636480901084116,0.3796460776359148,1.7003367941733625,3627.99720766698
102,1836,-1.6519755079296239,-0.5813996893601211,2.6054675415128585,0.37966668896688177,1.7067767819414088,3660.0393441249616
103,1854,-1.6360377237268668,0.7095046586121312,4.196234201775752,0.37997171170388033,1.7139595803588146,3696.484948792029
104,1872,-1.6747343396043801,1.8854739909080063,5.046795307832608,0.38040046314927345,1.7211932096065587,3729.5751118750777
105,1890,-1.718433764057849,-0.5771251618046056,2.6023391337794046,0.380847209790222,1.729251683281753,3768.8065249170177
106,1908,-1.6123792159151042,0.8048162837268725,4.146630019369505,0.38145374546271726,1.7381906741726012,3805.1205317501444
107,1926,-1.8273044319337823,2.423577070521769,5.363185234394057,0.3820483663855687,1.747017747609863,3841.5249445000663
108,1944,-1.777261139050239,1.1245779842649415,4.751457007629411,0.3828659224224184,1.755286168274711,3878.8680283750873
109,1962,-1.6667440314987,-1.5380117543940548,0.08562319743255378,0.38393513152489245,1.7632242144497088,3918.3353972919285
110,1980,-1.919039988331249,-0.5570819001736227,2.6557599801205654,0.3851162134564794,1.7715817742171933,3957.206331042107
111,1998,-1.8225828290218158,1.1674894304107288,4.731587561222428,0.385998076197007,1.779414551834296,3994.442522250116
112,2016,-1.8242649634859447,0.13471155209463234,3.5362589301139615,0.3864226971014566,1.7869061491245588,4032.0346565421205
113,2034,-1.6466880464382792,-0.7266625806347533,2.6480964417798485,0.38653665456204056,1.7947542795181104,4072.1206197920255
114,2052,-1.9004509332129769,-1.3076330382924803,0.5695303280235219,0.38712373946566,1.8029535204586402,4110.2785520420875
115,2070,-1.688265918376528,0.4791580117061441,4.264085411131449,0.3876914540212059,1.8110901679643496,4146.837774625048
116,2088,-1.672443305737728,-1.481354291772658,0.1817384518746099,0.3886359452834331,1.820388103911127,4186.505222459091
117,2106,-1.8167846591573729,0.3854986186870108,4.3050406023445715,0.38916665183310645,1.828309394135764,4225.344508999959
118,2124,-1.825753386201765,-1.5813031852819142,0.12508194757728652,0.3893512501408693,1.8363463907069817,4266.560600500088
119,2142,-1.7190706594344336,-1.050582585896945,0.8076318192353851,0.38914873921575543,1.8439309614434283,4308.035011417
120,2160,-1.783418285423065,-1.5194842608942816,0.19807468779628448,0.38811917379888716,1.850818251708588,4353.516490292037
121,2178,-1.7222881195479287,-0.19981437555657397,3.635964211462605,0.3870262379583851,1.8566875847136852,4392.024551874958
122,2196,-1.7252658565341825,-0.6745088005090941,2.66519183990111,0.3861054505181189,1.862861101378374,4430.84975929209
123,2214,-1.721172274998735,-0.756316607505863,2.6507193585364797,0.38461870598402015,1.869309243618686,4467.366638042033
124,2232,-1.6540137992023851,-1.3069428601369026,0.4457816248331075,0.3824748198673628,1.8748578617202591,4504.603546875063
125,2250,-1.8971292520479675,0.0031301557903549407,3.6003855684368773,0.3803514104801219,1.8799320662102608,4548.024182750145
126,2268,-1.7275193368243693,-0.14175697363631276,3.6165921437245805,0.378141461246339,1.8838402666704792,4584.965444917092
127,2286,-1.8313222881371027,-0.8097980362015471,2.6378611329822266,0.3764569048364028,1.8881508430260547,4621.999801709084
128,2304,-1.8007239946506903,-0.7871725492320585,2.6447787123834914,0.37459937818423117,1.89231864284777,4660.661676417105
129,2322,-1.9905453983494739,-1.0005326644521035,2.672423897703936,0.37303807158494945,1.8961150268558817,4701.804737417027
130,2340,-2.0324358879043265,0.43074639536117015,4.294631058816735,0.3718390147087009,1.9001348909952651,4742.799952124944
131,2358,-1.8650574875390151,-0.8102492215892159,2.6427814766044952,0.3706429611502117,1.9054132446384602,4786.473080042051
132,2376,-1.9414315117552525,-0.9930405427003739,2.6694098196654656,0.36945187395001083,1.9094635369371573,4826.607230708934
133,2394,-1.9445355496304235,-1.3525820122531935,0.8123586874157229,0.36805559371653973,1.913418649927027,4867.654040459078
134,2412,-1.9855130726437142,-0.9995837606101328,2.6767109882167417,0.36763864994286044,1.9178692349060915,4910.747467084089
135,2430,-1.8544163814578227,-0.9314713035643898,2.660489303323866,0.3673725095947164,1.9213507229879332,4953.755562334089
136,2448,-1.9466185868318946,0.24817757768271884,4.362795486639097,0.3675787380302242,1.92556464181391,4996.001322000055
137,2466,-1.8173478748871927,-0.24325778189825384,3.6314664363763915,0.36802010912073985,1.930084321371046,5038.03267879202
138,2484,-1.8256351467499834,-0.13616902986090917,3.6258710251646393,0.36770721086788766,1.9337240230048918,5079.907705709105
139,2502,-2.0878104364202366,-1.437089885826297,0.6056946820355414,0.3670742802289325,1.9366615005843584,5124.264462375082
140,2520,-1.8679420630265668,-1.6120442312585068,0.2327383036305468,0.366479318094899,1.93938352873749,5168.542113834061
141,2538,-1.9686428897571777,-1.293893692402884,0.5179842954323093,0.36553872498554546,1.9419243805111306,5208.66069020913
142,2556,-1.8594640386617596,-0.8433240987829712,2.6548374158176484,0.36486174463454957,1.9453936113063237,5250.441015583929
143,2574,-1.7674629876978933,-0.64862575411406,2.6465634457177885,0.36392924840214724,1.948183466920908,5290.43854100001
144,2592,-2.033099863994451,-0.7744417259490033,2.6982567214659543,0.3626381015954503,1.9508985162817676,5335.344874792034
145,2610,-1.8898461293436148,-1.5162475651139515,0.402868404846204,0.3615374244312768,1.9537546220179056,5380.676854167134
146,2628,-1.7992731230032133,-1.534641104535519,0.3164162022706268,0.36021535596902743,1.9570151287003932,5427.722376334015
147,2646,-1.9223014148876225,-0.60646572864448,2.682713606092636,0.35972416448337863,1.9599180595264492,5468.761322584003
148,2664,-1.9217842058780414,0.9734805209375845,4.834146179948385,0.3590062804060512,1.9631214230553415,5509.468284083996
149,2682,-1.8426522325457948,-1.6551791624828,0.2056566305616073,0.3586315947087719,1.9667580616616487,5550.506446124986
150,2700,-2.0258799540985137,-0.6718741635651562,2.721704927271732,0.3583132040305898,1.9701658817345062,5595.656084000133
151,2718,-2.0905236671948666,-1.7133092503636371,0.15705007468763796,0.3580936510881863,1.9746580486333334,5643.503259417135
152,2736,-1.9328716287566237,-1.5089912009989426,0.5023546620738869,0.35830142568676676,1.9780612516018663,5693.730974250007
153,2754,-1.9561243214259978,-1.68289709462819,0.11425765182414555,0.35853579452923673,1.981434975965692,5738.265313833952
154,2772,-1.9803682762761396,-1.5111714516326893,0.4253791606871203,0.35839230739574124,1.9844507569683705,5778.998864042107
155,2790,-1.7729085388904364,-0.8350752025451251,2.6436029776092678,0.3581340879364078,1.987310532181517,5818.380293375114
156,2808,-1.8993164493463133,-1.5228049353247894,0.44721886285384815,0.35805561357530213,1.990465904875756,5860.321268292144
157,2826,-1.8953598390514106,-1.61618668876774,0.20312693557684808,0.357560981299486,1.9940844192115237,5902.16360354214
158,2844,-1.829166729471694,-1.4220194564568165,0.4194241248020788,0.35729861869325186,1.9964964768663132,5942.704938542098
159,2862,-1.939278948139898,-0.2920258595579191,3.6470579912716246,0.3570316950656289,1.9983600176273932,5984.383241834119
160,2880,-1.9523469218413187,-0.8454146501095278,2.675713208642115,0.35658644433362724,1.9995131825836512,6024.511117083952
161,2898,-1.827662920330095,-0.8360637398139704,2.6620876970911236,0.35658573337680066,2.0019343638735627,6059.422604500083
162,2916,-1.8668334009003282,-1.3702875069334692,0.49153531913661636,0.35677390506897755,2.0043230433006083,6093.171640499961
163,2934,-1.9502254172296505,-1.6451102950348129,0.23981240651492935,0.3557572621727944,2.005798179874877,6128.830954374978
164,2952,-2.0419408679698874,-0.9076770610984286,2.6934744815539475,0.35402738038997267,2.007855357138632,6164.235387834022
165,2970,-2.0474598395784964,-1.6662955773733055,0.4382562610424878,0.3524057874170021,2.0095196289537283,6201.688498584088
166,2988,-1.9407609891729098,-1.522422316470586,0.4658068118929494,0.35057537235222963,2.010895414003993,6236.311407916946
167,3006,-1.9569470810198721,-1.356944895826078,0.6974731539992373,0.3491618293246481,2.012644270882058,6273.691575333942
168,3024,-1.8767513755537122,-1.4867344892408974,0.41563136447380733,0.3471526872411699,2.0138881146422998,6313.101061917143
169,3042,-1.7109360306021646,-1.1225120321530324,0.6790049885881888,0.34585033838151535,2.0166769372374014,6344.9640578341205
170,3060,-2.0837571717128336,-1.6608069106804642,0.2905527708767799,0.34432578751438225,2.018368565158769,6380.02009645896
171,3078,-1.944228497317746,0.3102710337599988,4.3507450239765415,0.3430762514213848,2.020250582729871,6413.734483000124
172,3096,-2.089081153719888,-0.9784713930685397,2.6890488197892473,0.3411920991130371,2.0220300847750172,6448.301662417129
173,3114,-2.0825628301783157,-1.646671697410792,0.34955702248890197,0.3389123271812689,2.0231182110259427,6483.90234349994
174,3132,-2.094973513292206,-1.7650495512803797,0.14655281652285906,0.3368656290037924,2.023952224016813,6521.962768374942
175,3150,-2.1443178106685146,-1.8313072425449992,0.1825565164306676,0.3353362413672636,2.0252686558817365,6559.4890383749735
176,3168,-1.9724212216456323,-1.6851231625182095,0.466700403022101,0.3342272676666882,2.0258924925381763,6596.284998042043
177,3186,-2.1070490265370845,-1.7937101768144008,0.14816777882207988,0.3331094201181003,2.027282660782368,6635.221771667013
178,3204,-2.252668526637659,-1.8268554916126472,0.17946176193369823,0.3323903456139674,2.0293282207831904,6672.852573959157
179,3222,-2.0107378330094265,-0.9837508160861934,2.6941587171841164,0.33138704091299226,2.0300764581947592,6708.390704791993
180,3240,-2.2280956557366416,-0.35221916454596663,3.717124628950231,0.3307946505428788,2.0308891907687916,6744.188955417136
181,3258,-1.9611340590441997,-1.6506604359274752,0.3229954634560083,0.3309440068726122,2.0318154801775616,6780.37450383394
182,3276,-1.9553436215028022,0.36453930004952306,4.329027004825806,0.3313878705337169,2.032869166524873,6814.513272417011
183,3294,-1.9319742618022229,-0.657155889784983,2.654993995591771,0.3317752658235533,2.034378993773563,6848.897242250154
184,3312,-1.9150144327633098,-1.522759321730536,0.4516563881781822,0.33255870542876237,2.0353685521881717,6883.966236292152
185,3330,-2.0943307976684267,-1.524326784245041,0.5823326465346851,0.3327669482192434,2.036001734489362,6919.0294125841465
186,3348,-2.1388352516577642,-1.7859870923903902,0.30128344224858816,0.33233589776922945,2.036512266446741,6955.300490792142
187,3366,-2.0101668324095745,-0.4546723820917845,3.700260330714156,0.3321006356107211,2.03693497671222,6992.779626375064
188,3384,-2.0897702940375296,-0.7847069978220529,2.6717343059351446,0.33188670947960497,2.0363695398722528,7027.110781708965
189,3402,-2.2231183499313274,-0.24304381780425752,3.6815657618117372,0.33172086745246976,2.036628698355514,7062.739101124927
190,3420,-2.159836138839053,-1.0683868264611058,2.726133003592236,0.3315309791979778,2.037431699119677,7101.063513708999
191,3438,-2.0386912828263055,-1.6973874784676495,0.4659042744840531,0.3306451064178379,2.038315590695687,7138.477605834138
192,3456,-2.1148281985968644,-0.3401434584544897,3.6777904571251128,0.33049762860680987,2.039113350051287,7175.982231375063
193,3474,-2.0411960598547285,-1.0934668108114067,2.71548534257587,0.33037680965387195,2.0393628843774905,7213.5452752921265
194,3492,-2.2151010931672452,-0.9899436193079281,2.7161860259820214,0.3305264032312529,2.0402668554882495,7250.284843125148
195,3510,-2.0322194575834187,-0.8459627338759,2.688377549848672,0.3306367503602808,2.0431270302101945,7285.520187583985
196,3528,-2.078560181007862,-0.9948910465538082,2.7049457306722564,0.33016372272433475,2.044135819686683,7320.540529333986
197,3546,-2.1402238357761054,-0.5670710688398866,2.6932175700374814,0.3296118391089575,2.0448274860443494,7354.915565666975
198,3564,-2.063661058957412,0.6466687624617494,4.234433715862719,0.3283568337630127,2.045646010476553,7388.48500466696
199,3582,-1.9513149433635277,-0.8261335111833232,2.6725702424120095,0.3269425678112838,2.046992354191268,7424.333911375143
200,3600,-2.1473156175261896,-1.0281773571518045,2.6917620922964236,0.32608607031099324,2.047779557268738,7460.922455125023
201,3618,-2.1595810025697997,-0.9265211618978159,2.6982496229159167,0.32431391738966203,2.0503711620504514,7498.024907917017
202,3636,-1.9308520601508818,-0.2108761820613635,3.644178740396467,0.32219001202579656,2.050589504128864,7534.36591654201
203,3654,-1.9079936594696223,-0.8073338339891892,2.711142719401863,0.31998062553049733,2.051514644333671,7570.339453666937
204,3672,-1.9085572245889533,-1.2024648223842929,0.6669380855891734,0.3181189570614917,2.0518098468531263,7605.43429162493
205,3690,-1.978131757869877,-1.5915447495233144,0.3553201670727488,0.31669468383220284,2.052147247988422,7642.082551124971
206,3708,-2.0829748687640106,-1.4520865475693916,0.6074243149980949,0.31499515694993235,2.052837578492697,7678.211926999968
207,3726,-2.0738074617628324,-1.467380267169099,0.5824915882369048,0.3137219090778359,2.0545680634421823,7715.004300917033
208,3744,-2.3347262449340906,-1.7524172294100926,0.2957136051907958,0.3124899836506552,2.055153624685532,7752.65174733405
209,3762,-2.124960041051512,-1.1696497835769442,2.714267875656155,0.31140418722791685,2.0552958583496803,7791.395154792117
210,3780,-2.133895391816036,-1.2109967063765328,2.7222145484412357,0.3102926762041309,2.0582123112590796,7830.743981917156
211,3798,-2.0412098006461084,-1.7665182631470617,0.16292276237588427,0.3093986313951736,2.0579268122669454,7868.363429625053
212,3816,-2.1243988839477175,-0.9709604995886502,2.7261285992771565,0.30943482492023716,2.058690084919517,7905.661731624976
213,3834,-2.102117367781951,-1.8079119755498898,0.19110403914910462,0.30930974242674686,2.0597326534912908,7944.63933008397
214,3852,-2.114292998292056,-0.4707073027753233,3.7259742029015386,0.30934098310119074,2.0610166754911816,7982.1257621250115
215,3870,-2.1944371864537047,-1.816818349507334,0.1687805241304493,0.3094468085430471,2.06164999920573,8020.436448459048
216,3888,-2.123448900712501,-0.48803265556175085,3.728645863014329,0.3095972907866639,2.062558043505771,8058.227325042011
217,3906,-2.1132967971456456,-1.8119217742024665,0.16865826159741437,0.3097853633301428,2.0625460384394034,8097.107519333949
218,3924,-2.2330754681270037,-1.8326403455770668,0.22551242463859822,0.3092445207558698,2.0641614251127587,8136.6292869169265
219,3942,-2.0931681922300336,-1.1678035580627795,2.7135186984838593,0.30867671244002914,2.065833162203118,8175.360002000118
220,3960,-2.0223562834199136,-0.5064705672943708,3.717452235091451,0.30846373418603346,2.066767711270951,8212.57340000011
221,3978,-2.064902046071704,-1.1188744691357853,2.716041603123252,0.3074850482203305,2.067470065143475,8250.730119084008
222,3996,-2.096331239072674,-1.160143335224753,2.717158602686434,0.3069131961316852,2.068447626816083,8290.530099167023
223,4014,-2.2869567295575868,-1.8406108798122627,0.3147192417192911,0.3071918076761966,2.0701562238700353,8329.223630709108
224,4032,-2.2639621404613886,-1.252115525951301,2.735730570573966,0.3066726919752351,2.0713637098319166,8369.933439916931
225,4050,-2.156379197932952,0.8648679844993361,4.894157909796862,0.30638035670415936,2.0724097098678955,8405.062314500101
226,4068,-2.1567321009255327,-1.0791134770751478,2.723588845471369,0.3058899347738106,2.072999709664191,8444.051664625062
227,4086,-2.119913329709609,0.12336601466393635,4.419343415863848,0.30552132127338233,2.0749226506626703,8481.812285209075
228,4104,-2.1483473458831512,1.4306288222343955,5.317125037256187,0.3045050018733083,2.07623145563806,8516.185582667124
229,4122,-2.194891969333257,-1.714670412397424,0.5302391639614292,0.30412317123578614,2.078064021485122,8554.354781541973
230,4140,-2.1558554656407396,-0.5550569335762668,3.7342764532348025,0.3033718356521757,2.0795559044244456,8594.284886708949
231,4158,-2.2481280369135095,-1.9498682535653922,0.17113495757141062,0.3025711485701275,2.081401000838575,8633.422193084145
232,4176,-2.2156605163282355,-1.0287942833658432,2.7270176482752833,0.30214198156753114,2.084762805644098,8672.36115566711
233,4194,-2.152644067305416,-1.1724992709253264,2.723654848597808,0.3018722268403581,2.0862819844928446,8711.85636491701
234,4212,-2.272903021678691,-1.7670500760417254,0.3630993319875908,0.30156755597679835,2.087140749064381,8751.044240459101
235,4230,-2.145969110316906,-1.0839971134427988,2.7099519208132876,0.3011392085288289,2.088442340525712,8788.540160459
236,4248,-2.140942659803238,-1.7522552218200604,0.36729113364247523,0.3008745076581963,2.0896009082389893,8827.714496667031
237,4266,-2.2531185796035973,-0.5655435577047735,3.754368744710322,0.30087955349898815,2.0908608228218877,8867.23025891697
238,4284,-2.1975149673090573,-1.9520813460130708,0.15162997966101163,0.3006724184020045,2.092985657031541,8907.683557874989
239,4302,-2.3227664457301214,-0.6362190844266599,3.7635129269523326,0.30068517004972056,2.0956028928822454,8947.752239959082
240,4320,-2.1382071560237814,-1.2144046417894188,2.72340122146509,0.3006588244691978,2.0971670437562118,8986.831445417134
241,4338,-2.1198024115931875,0.09185444670062132,4.4325574502436345,0.3006361046430143,2.098788002190548,9029.251042417018
242,4356,-2.259124173649954,-1.179931743451035,2.715666867690779,0.30050146935103866,2.0998882662132767,9072.482343292097
243,4374,-2.265695584924979,-1.3171472143772136,2.748529519279322,0.30035136061523854,2.101581664440989,9117.333632209105
244,4392,-2.0754678143109846,1.003715918767473,4.829996619754442,0.2994751626757102,2.1019528754372994,9157.60511354194
245,4410,-2.1465411045893834,-1.0753576382463084,2.71472548017093,0.2980495590986122,2.102592525587053,9199.468805625103
246,4428,-2.213339112373329,-1.882341817924857,0.1858261625803648,0.2968818503688064,2.103830803454162,9239.861241959035
247,4446,-2.1869297316399634,-1.8048702391530709,0.2760578125389542,0.2956164426179092,2.104538852701748,9278.699448167114
248,4464,-2.3211898768151764,-1.896897194167912,0.20326361191372844,0.29470723760337963,2.104778257206499,9317.795716959052
249,4482,-2.2357307673279436,-1.0711831643936567,2.7123607918956973,0.293843760319276,2.1050121113841502,9356.9371696671
250,4500,-2.1568821592014404,-1.1977529469714012,2.7223547259358996,0.2928269107594571,2.105477207684555,9395.850164999953
251,4518,-2.2529869678014682,-0.5457600106702318,3.733298130203839,0.29116671467609095,2.1053346608256014,9434.05888462509
252,4536,-2.2768976357156623,-0.6106299452369927,3.756773251258573,0.28971452687748495,2.1058852255989753,9473.52514875005
253,4572,-0.669830719387221,-0.0005267018528464599,0.22043749728869255,0.47639052106171814,1.02341929194908,9534.626795167103
254,4608,-0.6457604461902555,0.059536026165735265,0.27447736268937795,0.45969483772745917,1.02779819153239,9597.329468500102
255,4644,-0.47548170934431777,-0.01714229705127162,0.21155102914328702,0.44626948902722346,1.029729160152693,9658.836476792116
256,4680,-0.6628028934590455,0.10508280014730216,0.25036686994290336,0.4370871235749657,1.032059537417973,9720.79755358398
257,4716,-0.4523205451501049,0.07464511514815747,0.2434406532290747,0.4295701137387456,1.0373720066042649,9782.00750670908
258,4752,-0.7680493192014977,-0.01207502776491144,0.26025033699826466,0.42451307796382154,1.0438933914958457,9841.652222084114
259,4788,-0.7540686575658091,-0.037816931499685534,0.31820272001943833,0.4209074875436314,1.0483942844366123,9903.424344375031
260,4824,-0.5127832227164655,-0.028313083650751667,0.2136282934794439,0.41950836087473425,1.056309116208587,9966.761332917027
261,4860,-0.8655106306272113,-0.09323178332110148,0.24277960389025496,0.4191698995242402,1.0631547415070697,10034.064333375078
262,4896,-0.6509901886337897,-0.08518732628035007,0.2335967555504843,0.41830185323470964,1.069679362533153,10098.004334459081
263,4932,-0.43081500617152635,0.003592477126907973,0.257935837087852,0.4152717500435168,1.0758369853482592,10159.642467792146
264,4968,-0.749332980284592,-0.16698020801480615,0.26612608093786355,0.41275354372539524,1.0816584144016617,10221.83049362502
265,5004,-1.0244983085719905,-0.11898589268058964,0.25901456026954345,0.4087946497001551,1.0876446512641236,10286.750704375096
266,5040,-1.0802617517465087,-0.057436128974824224,0.35657862732876333,0.4044838015160171,1.0950444782097812,10349.9209593751
267,5076,-0.8315207382921619,-0.08033879833478935,0.26836165359105446,0.4007847331793212,1.1005832783399865,10420.68447787501
268,5112,-0.8976979585148843,-0.062355858827395284,0.36528688378210067,0.39747645341706755,1.1055515104144142,10497.274291417096
269,5148,-0.8925306892702611,-0.18234096127050406,0.3086561245884678,0.3963518494685779,1.1114468929233061,10576.588543459075
270,5184,-0.9470190752404442,-0.0984372630225881,0.33831780720810456,0.396106033103554,1.1189735892632828,10648.483608749928
271,5220,-0.9378938882241901,-0.23096604951644592,0.32329192558596875,0.39657334527844956,1.1265931287885904,10726.312003083993
272,5256,-1.355923973155158,0.5671009873914257,2.876862284553483,0.3957352091416692,1.134329131171696,10795.831929333974
273,5292,-1.4928064848387805,-0.009554345149108369,1.7557714609597552,0.3967168868170868,1.1433322515778923,10864.093703208957
274,5328,-1.2854392740309235,-0.060885473523113735,1.7747105417587155,0.3965836009963601,1.1529940432117296,10930.675947709009
275,5364,-1.2866087656142229,-0.08849300946853668,1.778626481503838,0.39530705677662764,1.1614724301614394,10999.63098787493
276,5400,-1.2824387686612209,0.04866646196909293,1.7496134084771202,0.39516312254333597,1.170263068534851,11063.870434709126
277,5436,-1.3031981897604297,0.5588837127590129,2.8907392435898855,0.39583655690992364,1.1811449020080809,11134.176191000035
278,5472,-1.8019875428813772,0.31243767342653017,2.3770123705394925,0.3949514143731695,1.189911779255231,11197.744292333955
279,5508,-1.284425928454752,0.04507916958695684,1.7263550632484301,0.3928689199436322,1.1982625115413499,11285.37005274999
280,5544,-1.3166984381365099,0.2535098325225717,2.406363812426195,0.3901997940008025,1.2061517112593565,11359.655287666945
281,5580,-1.5270941596060164,-0.4132257847291297,0.47137799683694015,0.3883544426336134,1.216081346704041,11433.58421
282,5616,-1.2356019406860002,1.309283091762836,3.904418556326196,0.38605229623576715,1.2253992560514522,11499.739872667007
283,5652,-1.5342850955244378,0.27124918032515927,2.4001795977787235,0.3855545770689269,1.2345458458271685,11564.843801541952
284,5688,-0.9159940811052483,0.308492324365149,2.376589127400989,0.38613150109883776,1.2439159554384553,11628.01143279206
285,5724,-1.566849482900226,-0.45153593650644436,0.47636469194072106,0.3864136557088365,1.2542381440234172,11686.820891625015
286,5760,-1.5066694865727186,-0.45180393406560526,0.5085156286414264,0.38849284207434365,1.2649756881614587,11746.824467750033
287,5796,-1.342870547338511,0.4703987427477776,2.9154892295998303,0.3894775045338721,1.274228515495943,11805.279872959014
288,5832,-1.2017563304225662,-0.1756205247452197,1.7709690921611556,0.39019770215111454,1.2838010416212156,11863.867677208968
289,5868,-1.4061627130046181,0.20746827981445837,2.411610413025439,0.3892610951666643,1.2929129435289144,11933.235345833935
290,5904,-1.2151116500702868,-0.3492898178808661,0.3905472625768075,0.3877696335072784,1.3013742805061244,11998.97844395903
291,5940,-1.5298750557816758,0.060276787315986326,2.4582721485040167,0.38642494657259,1.3101082590989295,12067.835423000157
292,5976,-1.5171586751047617,0.09154293252796965,2.4561786726237025,0.38551707778887845,1.3204863797717277,12132.340616000118
293,6012,-1.560700302633383,-0.33582111292482936,1.8078074540553315,0.3837118012860384,1.3296955028517283,12196.63489558408
294,6048,-1.4026622301277847,0.10392758944943796,2.440738910645844,0.3811873317776913,1.337673418916596,12260.598428542027
295,6084,-1.5089832733829835,-0.026017330981576523,2.4786854307304043,0.3793473252768221,1.344783356975566,12330.165962834144
296,6120,-1.4526687499592912,-0.240465829671041,1.7947384885581932,0.3789225365277972,1.3551804345332616,12394.940738500096
297,6156,-1.5782333167338942,-0.07027318826788775,2.4797310337162353,0.3785334608327035,1.3644288138150176,12467.248694834067
298,6192,-1.594593432501533,-0.45611388339403786,1.8374608140795154,0.3783033740163324,1.3742323720638943,12534.396919667022
299,6228,-1.3807793345284525,0.6402353428525592,3.340417643408588,0.3771257983986322,1.3841570523100548,12608.894074958982
300,6264,-1.5353754977079364,0.5213567438232075,3.385401494219452,0.3765413938989578,1.3930308623566332,12688.085173917003
301,6300,-1.756381205669772,-0.3713174758999849,1.8324805558976998,0.37558986890738416,1.4026030963127039,12756.7703512921
302,6336,-1.5589348603302389,-0.043988781507850426,2.498119678782902,0.3728957045766586,1.412218950578264,12820.567596417153
303,6372,-1.648283984860833,0.14111577391634073,3.0137811598360447,0.3708620908018654,1.4222052477188096,12890.57128958404
304,6408,-1.5688833207519126,-0.7552602665970356,0.5166569647452134,0.36946753665144694,1.4325202948099043,12962.096008584136
305,6444,-1.4940290950534036,-0.6616478139450278,0.5185865103024518,0.36713603921279486,1.4425696295370531,13030.65512404195
306,6516,-0.385574949455882,0.027010420454068984,0.21201315140204877,0.4738473210679103,1.0308591286018256,13210.380175834056
307,6588,-0.5525055157589822,0.010913984299124293,0.1807683564684808,0.4574284363226271,1.035550173123675,13354.055943791987
308,6660,-0.7936215882125843,0.1498357019949574,1.196364573951129,0.4487689315153604,1.039044024057365,13507.600160208996
309,6732,-0.8038472196570918,-0.044280339878192465,0.23138361638635863,0.4460306750092114,1.0452789516536647,13662.890714291949
310,6804,-0.9860030883735131,-0.0284877851054538,0.24603431149449492,0.4459596585551995,1.053993554939188,13811.333860500017
311,6876,-0.7585983099657474,-0.011494036180384089,0.26091468251659083,0.4454319301668529,1.0606190955920454,13960.134224541951
312,6948,-0.743563648613387,-0.009811379885514405,0.3163698089408502,0.444578749347551,1.0670538495390265,14099.342227000045
313,7020,-1.1515196877980145,0.0011207974909438231,1.2216148674003993,0.4471159721239606,1.0734869603973274,14242.428747334052
314,7092,-0.7113803791212447,-0.010411254610655939,0.33273405545570167,0.45085654313168594,1.079777340657565,14385.945751917083
315,7164,-0.8436900789893027,-0.0777427868277857,0.26002975090804353,0.4568666914770827,1.0885708085080905,14525.733621834079
316,7236,-0.8160158368435892,-0.055540658023651344,0.2437292921222603,0.46107119184467954,1.0959426347374255,14670.507334958995
317,7308,-0.8004252355618604,-0.04251608802261938,0.2782480111784258,0.4673977340783432,1.104541711724369,14801.777843292104
318,7380,-0.6711161792346916,0.12604028393424538,1.199636588776753,0.4749195189222435,1.1130802040576857,14934.30011958396
319,7452,-1.2933457155627774,0.016622322744328104,1.2288228531309198,0.48292679571757247,1.1235599363897901,15080.61801854195
320,7524,-0.9496089357448456,-0.05144580354883007,0.2921116453645753,0.4908910416917757,1.1341643490492916,15219.248207667144
321,7596,-1.3388473515875887,0.06315177090294734,1.2188928086252273,0.5014229677765614,1.1456593217893098,15358.016041958937
322,7668,-0.8739394335273216,0.1001381606719522,1.2170961992172478,0.5071206835482719,1.157455157039224,15496.46267770906
323,7740,-0.840499879637556,-0.03966506379643201,0.2635174664908717,0.5109418888256668,1.1680875860403517,15636.033449999988
324,7812,-0.7015244306049118,0.048959120690147157,1.2062200698279122,0.519346695045475,1.1790271778878345,15775.489687249996
325,7884,-1.0422829918853669,0.03353742733480612,1.225434420451815,0.5256255557046592,1.1904577623758952,15910.443781959126
326,7956,-1.0528558547370066,0.24834129700372742,1.6736061738036405,0.5341916950230164,1.203869232818069,16049.358694999944
327,8028,-0.9764266839042639,-0.11434050772628288,0.3301024083606581,0.5417594442029682,1.2168253679802206,16188.202048750129
328,8100,-0.9496614909965704,0.19884290871762084,1.686262814076369,0.5543061526617354,1.2304055327486139,16323.077912625158
329,8172,-1.1689390026155877,-0.0031378032102622466,1.2394129460675127,0.5642321430239633,1.2428476715299546,16456.242839124985
330,8244,-1.0522345561717348,0.023965527149048982,1.2398503774540173,0.5728121828188972,1.2549788846691587,16590.772971959086
331,8316,-1.3773165231894584,-0.0038343125146620295,1.2400338707249734,0.5798070997806971,1.2682936686308248,16716.98806070909
332,8388,-1.3535884388581527,-0.15911652433703116,0.349144318904721,0.5875753344768695,1.282154679877408,16832.687763791997
333,8460,-1.367479101474971,0.0017983735667629218,1.7282783476923966,0.5985685585687346,1.29705654166198,16947.130079375114
334,8532,-0.9296246736116558,0.024805292510772778,1.2347681872062661,0.6102391422846264,1.3119853379330697,17062.480600500014
335,8604,-1.313837518621784,0.23288405962799963,2.0667764957333983,0.6216145543263791,1.3279880675376214,17176.539827042026
336,8676,-0.9971730142739759,0.3605716564339427,2.3584925457465946,0.6336491724067997,1.342928469656114,17291.482927792007
337,8748,-1.4783259754677172,-0.25690469880913963,0.3870391532040501,0.6412606387776351,1.356526600365658,17404.524641792057
338,8820,-1.388540811332681,-0.29035565013289827,0.4203842940780295,0.6515715255527518,1.3698991937399965,17519.174100334058
339,8892,-1.0368333342292724,-0.04006565395791675,1.25518657934172,0.6560663903124787,1.3849002168722697,17633.066010584123
340,8964,-1.475486912268961,0.14993031673342835,2.095050471520434,0.658476581699172,1.400512975369549,17748.408715042053
341,9036,-1.3800241702009757,-0.20523886073254977,1.285771856968102,0.6639013186618662,1.4154719482600802,17868.716602917062
342,9108,-1.2615823963557995,-0.11496681676669744,1.2597095452354676,0.6654419706965551,1.4297916627220002,17983.290836584056
343,9180,-1.5948809725227093,-0.0717538793383951,1.7605653711219298,0.6625761309852356,1.4440374549946604,18102.31143112504
344,9252,-1.4179846946705004,-0.22957690545968384,0.4108440101540581,0.6643483456084412,1.457670389161102,18215.15129645914
345,9324,-1.2370577020382134,0.1682392963752475,2.0828137898308006,0.6622524734790083,1.4721992094659007,18329.434566209093
346,9396,-1.4103904509261866,0.20931284304108796,2.0803090220988993,0.6668172430731718,1.486952447584684,18442.438809667015
347,9468,-1.517533620789207,-0.15186070998734968,1.2678089818738902,0.6638689587990582,1.5020250219391058,18554.137670959113
348,9540,-1.5700420265174326,0.2816951240010519,2.4001140213070755,0.6585453186420097,1.5157203927339438,18667.226207542
349,9612,-1.496471817707003,0.23067609172216974,2.406733016029771,0.6541260394772869,1.5301819377884982,18780.73902104213
350,9684,-1.6509346673898548,-0.06677262010840113,2.1464369188157235,0.6530465552966472,1.546457014387175,18894.550555625
351,9756,-1.362716983623951,-0.118960081442618,1.7547987510146998,0.6510559119428905,1.5621672303300724,19006.774762750138
352,9828,-1.4004437339554405,-0.34855388083116434,1.3125722660428274,0.6462619601871282,1.575361964437043,19120.025799875148
353,9900,-1.428664994091938,0.02704190163968349,2.115327790745079,0.6469117309813964,1.5898278057630084,19232.158928500023
354,9972,-1.4583021444368436,-0.07401281333846581,2.13574349505122,0.654023371826819,1.6049609766061508,19344.66180720902
355,10044,-1.5655968567856506,-0.19076382438395903,1.7815086631780355,0.6566788914094562,1.6177506145667133,19457.38424595911
356,10116,-1.5601899154691372,0.07905598121448612,2.444370285095414,0.6629506344166219,1.631516512042325,19569.83294816711
357,10188,-1.6488240884015157,0.2117899575850999,2.716129979704213,0.6733561934772826,1.6464172248582216,19684.792240292067
358,10260,-1.4467915188874834,0.49065162905035403,2.89099427772284,0.6847173268230964,1.6632395121338155,19800.654416000005
359,10332,-1.5440223029520244,0.15150145969832188,2.4236393913357834,0.694367534168023,1.6793510703146979,19913.928064167034
360,10404,-1.5487102133131723,0.07682347257311144,2.4556178661115124,0.7045037949228778,1.6952453945812729,20026.37431799993
361,10476,-1.4512126188011578,-0.2686411064974698,1.7826916863529039,0.7129008779496919,1.712817837486551,20139.225143000018
362,10548,-1.382319005361909,-0.08410617251457594,2.1510150839485065,0.7164075426485308,1.7272237565617823,20252.363010167144
363,10620,-1.6224753377452457,0.13369106009008408,2.433508269735614,0.7241935988579806,1.7448737529094989,20366.83924687514
364,10692,-1.4173402174020904,0.3048881733616264,2.6837387552061833,0.7228711904499875,1.7599412270447228,20481.106266667135
365,10764,-1.4632749942136485,-0.5325735348898851,0.5145653673108757,0.7205511593177057,1.7757009773127241,20593.836909584003
366,10836,-1.422767804541194,0.7906178257722382,3.513216536915639,0.7291222040092643,1.7942606079185937,20708.916074125096
367,10908,-1.5947120826883312,-0.05115000534973841,2.4702623376148196,0.7402264101942158,1.8137435448230566,20826.482389500132
368,10980,-1.5947400977515542,-0.1550846519107583,2.1605182637220732,0.7481234155945982,1.8318797585983784,20939.343444792088
369,11052,-1.5173251830584515,0.08046086414681256,2.4534694451944916,0.7564528081539422,1.8516418930298106,21052.957195000025
370,11196,-0.7801453482861715,0.13750054680262974,1.1840257976058306,0.4665222514027175,1.0402650979572787,21291.722052166937
371,11340,-0.9345355550988019,-0.027345516772063913,0.19666353965471797,0.4517623987047136,1.0532564584943924,21528.06285166694
372,11484,-1.192765595716529,-0.044543890963329086,0.26084081560348094,0.44250341617864203,1.0589733131193098,21769.804811584065
373,11628,-0.6314223198633195,-0.02790831399061847,0.1900059164326095,0.43020784053802996,1.0634553301015341,22005.78828316694
374,11772,-0.8481802837853474,-0.02494467633212703,0.19418068869226884,0.4217192333990207,1.0806182728529374,22243.265651042107
375,11916,-0.503708368319737,0.03428890335670348,0.861239938152685,0.41566289032679543,1.0837367086966836,22484.744691834087
376,12060,-1.3562602550255223,-0.07849701862056858,0.2393024576208603,0.416291353145825,1.089740130924081,22721.780472791987
377,12204,-0.9486313773898498,-0.006876204018008937,0.8746925422778826,0.41774340084475775,1.093261074986074,22955.133222500095
378,12348,-0.7207633253675407,-0.06071071673643488,0.27424703419952995,0.4182680038075387,1.0973966799822923,23188.800465459004
379,12492,-1.4085189365497008,-0.024368065682808526,0.8965697226403774,0.4222918061997442,1.101709994697736,23426.975551875075
380,12636,-1.156646983157291,-0.09918826993389661,0.26195204657397025,0.42302090190003067,1.1115587472391424,23660.223199417116
381,12780,-1.0380083669570102,-0.07326485164936619,0.2803692271537404,0.4295135570141757,1.11799964264593,23893.81177383405
382,12924,-1.1753470873793619,0.02949501622721908,1.2246609120388883,0.44307345608513393,1.1250367151095642,24125.019498334033
383,13068,-1.3524009033513646,0.048144484146102305,1.490677214996526,0.45252667096545884,1.1354821363550112,24356.307589916978
384,13212,-1.3504220701750924,0.07349340104106564,1.4826366013921142,0.457139613711812,1.1441111506300632,24588.12721170904
385,13356,-1.423942662453534,0.029640013171748938,1.4884740089285413,0.47000571201125235,1.1563535084875867,24817.091822667047
386,13500,-1.4140935911337618,0.028363763786021623,1.4999240051077058,0.475093874704318,1.1678362803397464,25046.273603167152
387,13644,-1.260720055320685,0.060918533831991,1.4821289347369826,0.48700964871406954,1.1784560810403226,25278.060444792034
388,13788,-1.4941359018694094,0.0395551356680389,1.4961670653623391,0.4985710216953503,1.1905645792402109,25508.580305709038
389,13932,-1.3079102093927357,0.007689342132958712,1.2253576577172374,0.5107287012172586,1.2051992089919077,25738.06833633408
390,14076,-1.5492228538520054,-0.07347796326186938,0.8994868818489202,0.5236178228692796,1.2182460462092124,25967.69473566697
391,14220,-1.2817344446572836,-0.07342146199354244,0.9177565451398056,0.5334058848590622,1.2335470517898106,26198.319013084052
392,14364,-1.2706937945096213,-0.1260146683959281,0.35414364363981765,0.5419419072895426,1.250076447454128,26427.53770287498
393,14508,-1.2570785375702025,-0.16894578241926894,0.3234648837946672,0.5332932311760573,1.2651681621302164,26659.56970237498
394,14652,-1.1128576169180544,-0.04072739574279796,1.2345354705113079,0.5297622364426546,1.2766256010391919,26889.844400167
395,14796,-1.3160203481724286,0.01698869904428504,1.4978829054292513,0.5280036478347347,1.2889972899585385,27120.95139037515
396,14940,-1.1818622807798542,-0.18702171164197473,0.35941493804141056,0.5272721611630561,1.3034963396755903,27349.89527066704
397,15084,-1.5577975544283653,0.06237961403392968,1.5068631562753112,0.5320142665073043,1.3169952188491143,27576.86058633402
398,15228,-1.5754345805021899,-0.1114405581477711,1.2692004844825433,0.534853324624883,1.3297626429591196,27805.311267500045
399,15372,-1.5297095970445787,-0.06447124610730545,1.2523328600655976,0.5384147128571122,1.3492293399368345,28029.809549125144
400,15516,-1.5794534152844415,-0.24568884465140586,0.3753972097379013,0.5515160696331143,1.3660149271563304,28257.430154250003
401,15660,-1.3736392434907918,0.1385554260896683,2.090944367709109,0.5668587380295089,1.3870393527641194,28482.05502316705
402,15804,-1.249439108196169,0.061033472771815,1.9234562000451176,0.588828861411363,1.404346968481614,28706.67707750015
403,15948,-1.415705879625352,-0.08696397160840032,1.5296044245207592,0.6037544050582472,1.4225309864675018,28936.37021000008
404,16092,-1.5795447931687612,-0.22044596656539195,0.9541098447542671,0.6153845267351408,1.4428383349662601,29161.13349895901
405,16236,-1.4803467115347502,0.0329100551295444,1.9344310075027085,0.6215763000773332,1.4576562658038887,29384.813850749983
406,16380,-1.5258626530382795,-0.03979253665763587,1.7404633265380725,0.6130869327245799,1.472960919132217,29610.46495766705
407,16524,-1.5431215508658642,-0.09516436789356333,1.2669902908122643,0.604292138612871,1.4911049874902318,29838.98864495894
408,16668,-1.4537917427547313,-0.10084793933478779,1.268472603723894,0.6034393016512759,1.5079457887970245,30065.0685219171
409,16812,-1.474282008118486,0.0528057838882747,1.9405734822979497,0.6028026595415881,1.5264981831802567,30297.566560667008
410,16956,-1.6006772060436605,-0.20057576246879066,1.291410671617253,0.6067431606638023,1.5445240007423156,30525.60953633394
411,17100,-1.6452667789404334,0.10292509903801426,2.2807770256977364,0.608102705349919,1.5628559234783868,30759.969922709046
412,17244,-1.6073642046168466,0.15591463712364415,2.2748113950434106,0.61305665245419,1.5816996273367985,30991.05276699993
413,17388,-1.4278150612842486,0.20260816855300462,2.4156378692922744,0.620034316540085,1.6015429196705686,31223.86781754205
414,17532,-1.6180124933965159,0.18932107304463705,2.426873004998059,0.6207207998444346,1.623174660680324,31451.524165959097
415,17676,-1.54619220540821,-0.09615575712139551,1.766178507180395,0.6186946163068158,1.6471669353220828,31680.00137345912
416,17820,-1.596357849942219,0.2054174525189771,2.5736612661759684,0.6220075096307811,1.6683003152841593,31906.56821075012
417,17964,-1.5141517854789885,-0.15067645736791513,1.5556030180773777,0.618945335952383,1.6876964066176963,32133.62605783413
418,18108,-1.9169647148216287,0.08321166817485065,2.4510085569891937,0.6146389083942064,1.7100020493261467,32361.49895479204
419,18252,-1.6409823630524576,0.21475006050581896,2.7170934439277477,0.6241515233689143,1.7309204178263526,32590.713982042158
420,18396,-1.6274960716935292,0.10739033586426684,2.4706920508932826,0.6277729359251704,1.7535461030698996,32817.930727917
421,18540,-1.7835409680152887,0.32591871393791993,2.9662055274521966,0.634083917378396,1.7811369448215104,33046.077336834045
422,18684,-1.6456941817566388,-0.16579898387074116,2.1897654813949963,0.6381311667603902,1.8065427141813717,33274.717339874944
423,18828,-1.7037163928731163,-0.011137789374252952,2.6339852846848997,0.644945655645895,1.8294806413346894,33508.54259695904
424,18972,-1.8162648517453044,-0.5226492135686439,1.0169302492868781,0.6523526891968395,1.8543706287022093,33740.91963212495
425,19116,-1.6198301485419755,0.1134033782834228,2.753897439709054,0.6581577732189741,1.8801601921179143,33973.733787958976
426,19260,-1.6882850574970307,-0.16575337660296666,2.367343095087305,0.6705429531613809,1.9071775206871062,34197.79871875001
427,19404,-1.691197881337553,-0.1747360684577629,2.1835371938814205,0.6890544929926345,1.938045802428592,34381.99707595911
428,19548,-1.711058228385399,0.08898919270551287,2.7550600871644035,0.7098200009989588,1.966352476922281,34556.69594733394
429,19692,-2.037961264359219,0.2257211408018347,2.9851153842955482,0.724775526360147,1.9905833780622486,34728.37916566711
430,19836,-1.7102745106055721,0.10517378757129728,2.7549741305042894,0.7468686449927754,2.0180516949723426,34901.98809304205
431,19980,-1.6647789896071377,-0.027719518834807617,2.323330022598337,0.7697804737373622,2.0468347394533817,35075.694027750054
