body,algorithm,seed,best_fitness,final_distance_m,total_evals,n_restarts,final_lambda,first_local_stop_evals,wall_clock_duration_s,termination_reason
iguana,cma_es,0,-2.7555947801327885,3.0444052198672114,19998,0,,4482,56800.45812616614,budget_exhausted
iguana,cma_es,1,-2.4693421399220576,3.330657860077942,19998,0,,1206,56057.19853325002,budget_exhausted
iguana,cma_es,2,-2.114800020933159,3.685199979066841,19998,0,,1566,54358.526148625184,budget_exhausted
iguana,cma_es,3,-2.858919219756311,2.9410807802436887,19998,0,,4536,41963.57064679195,budget_exhausted
iguana,cma_es,4,-2.9886655709928527,2.811334429007147,19998,0,,3906,41614.49442050001,budget_exhausted
iguana,ipop_cma_es,0,-2.308670892336129,3.4913291076638706,19962,5,144,,50658.9077237919,insufficient_budget_for_population
iguana,ipop_cma_es,1,-2.5414077012980125,3.2585922987019873,19962,3,144,,51546.334992250195,insufficient_budget_for_population
iguana,ipop_cma_es,2,-2.697287058128093,3.1027129418719066,19926,3,144,,52124.013535749866,insufficient_budget_for_population
iguana,ipop_cma_es,3,-2.3347262449340906,3.465273755065909,19980,3,144,,35075.70274287509,insufficient_budget_for_population
iguana,ipop_cma_es,4,-2.3996099243607043,3.4003900756392955,19998,3,144,,35867.16444700002,insufficient_budget_for_population
iguana,random_search,0,-1.5501651024011807,4.249834897598819,19998,0,,,48893.77975770901,budget_exhausted
iguana,random_search,1,-1.4981357231082084,4.301864276891791,19998,0,,,48683.902518708026,budget_exhausted
iguana,random_search,2,-1.646200797870092,4.153799202129908,19998,0,,,48853.13890208304,budget_exhausted
iguana,random_search,3,-1.6533209547688559,4.146679045231144,19998,0,,,34210.781502292026,budget_exhausted
iguana,random_search,4,-1.3832794864232003,4.4167205135767995,19998,0,,,34111.93958666688,budget_exhausted
turtle,cma_es,0,-2.0875095576600997,3.7124904423399,19988,0,,3306,69813.04849587497,budget_exhausted
turtle,cma_es,1,-2.0833060654958513,3.7166939345041485,19988,0,,5529,70140.10109270806,budget_exhausted
turtle,cma_es,2,-1.6927097261985349,4.107290273801465,19988,0,,1843,63928.35477566603,budget_exhausted
turtle,ipop_cma_es,0,-1.8858114117439229,3.914188588256077,19874,3,152,,62864.63723558304,insufficient_budget_for_population
turtle,ipop_cma_es,1,-1.9213410894477083,3.8786589105522915,19969,4,152,,64179.73908208287,insufficient_budget_for_population
turtle,ipop_cma_es,2,-1.7693701005434237,4.030629899456576,19855,3,152,,63187.36164012505,insufficient_budget_for_population
turtle,random_search,0,-1.3685306546873335,4.431469345312666,19988,0,,,64326.7581298328,budget_exhausted
turtle,random_search,1,-1.3832229877318865,4.416777012268113,19988,0,,,64307.4194617921,budget_exhausted
turtle,random_search,2,-1.330727173679052,4.469272826320948,19988,0,,,64339.11943662516,budget_exhausted
